2020-12-12,,,,,,,,,,,,,,,,,0,,,
2020-12-13,,,,,,,,,,,,,,,,,0,,,
2020-12-14,,,,,,,,,,,,,,,,,0,,,
2020-12-15,,,,,,,,,,,,,,,,,0,,,
2020-12-16,,,,,,,,,,,,,,,,,0,,,
2020-12-17,,,,,,,,,,,,,,,,,0,,,
2020-12-18,,,,,,,,,,,,,,,,,0,,,
2020-12-19,,,,,,,,,,,,,,,,,0,,,
2020-12-20,,,,,,,,,,,,,,,,,0,,,
2020-12-21,,,,,,,,,,,,,,,,,0,,,
2020-12-22,,,,,,,,,,,,,,,,,0,,,
2020-12-23,,,,,,,,,,,,,,,,,0,,,
2020-12-24,,,,,,,,,,,,,,,,,0,,,
2020-12-25,,,,,,,,,,,,,,,,,0,,,
2020-12-26,,,,,,,,,,,,,,,,,0,,,
2020-12-27,,,,,,,,,,,,,,,,,0,,,
2020-12-28,,,,,,,,,,,,,,,,,0,,,
2020-12-29,,,,,,,,,,,,,,,,,0,,,
2020-12-30,,,,,,,,,,,,,,,,,0,,,
2020-12-31,,,,,,,,,,,,,,,,,0,,,
2021-01-01,,,,,,,,,,,,,,,,,0,,,
2021-01-02,,,,,,,,,,,,,,,,,0,,,
2021-01-03,,,,,,,,,,,,,,,,,0,,,
2021-01-04,,,,,,,,,,,,,,,,,0,,,
2021-01-05,,,,,,,,,,,,,,,,,0,,,
2021-01-06,,,,,,,,,,,,,,,,,0,,,
2021-01-07,,,,,,,,,,,,,,,,,0,,,
2021-01-08,,,,,,,,,,,,,,,,,0,,,
2021-01-09,173042,,,3.002,27785,,,0.482,,,,,,,,,0,,,
2021-01-10,183323,10281,,3.18,33878,6093,,0.588,,,,,,,,,0,,,
2021-01-11,187641,4318,,3.255,35798,1920,,0.621,,,,,,,,,0,,,
2021-01-12,198086,10445,,3.437,40618,4820,,0.705,,,,,,,,,0,,,
2021-01-13,209377,11291,,3.633,43974,3356,,0.763,,,,,,,,,0,,,
2021-01-14,223827,14450,,3.883,46897,2923,,0.814,,,,,,,,,0,,,
2021-01-15,239615,15788,,4.157,48008,1111,,0.833,,,,,,,,,0,,,
2021-01-16,259362,19747,12331.429,4.5,48979,971,3027.714,0.85,,,,,,,,,0,,,
2021-01-17,273340,13978,12859.571,4.742,49595,616,2245.286,0.86,,,,,,,,,0,,,
2021-01-18,278686,5346,13006.429,4.835,49744,149,1992.286,0.863,,,,,,,,,0,,,
2021-01-19,287179,8493,12727.571,4.982,51299,1555,1525.857,0.89,,,,,,,,,0,,,
2021-01-20,298314,11135,12705.286,5.175,54541,3242,1509.571,0.946,,,,,,,,,0,,,
2021-01-21,313169,14855,12763.143,5.433,61881,7340,2140.571,1.074,,,,,,,,,0,,,
2021-01-22,333632,20463,13431,5.788,70093,8212,3155,1.216,,,,,,,,,0,,,
2021-01-23,355054,21422,13670.286,6.16,76648,6555,3952.714,1.33,,,,,,,,,0,,,
2021-01-24,364819,9765,13068.429,6.329,80181,3533,4369.429,1.391,,,,,,,,,0,,,
2021-01-25,372200,7381,13359.143,6.457,82659,2478,4702.143,1.434,,,,,,,,,0,,,
2021-01-26,381402,9202,13460.429,6.617,89881,7222,5511.714,1.559,,,,,,,,,0,,,
2021-01-27,393626,12224,13616,6.829,98301,8420,6251.429,1.705,,,,,,,,,0,,,
2021-01-28,410050,16424,13840.143,7.114,109208,10907,6761,1.895,,,,,,,,,0,,,
2021-01-29,424036,13986,12914.857,7.357,118397,9189,6900.571,2.054,,,,,,,,,0,,,
2021-01-30,440445,16409,12198.714,7.641,124686,6289,6862.571,2.163,,,,,,,,,0,,,
2021-01-31,455285,14840,12923.714,7.899,130330,5644,7164.143,2.261,,,,,,,,,1,,,
2021-02-01,464805,9520,13229.286,8.064,132344,2014,7097.857,2.296,,,,,,,,,1,,,
2021-02-02,472655,7850,13036.143,8.2,140189,7845,7186.857,2.432,,,,,,,,,1,,,
2021-02-03,485139,12484,13073.286,8.417,149389,9200,7298.286,2.592,,,,,,,,,1,,,
2021-02-04,495151,10012,12157.286,8.59,162060,12671,7550.286,2.812,,,,,,,,,1,,,
2021-02-05,512021,16870,12569.286,8.883,179360,17300,8709,3.112,,,,,,,,,1,,,
2021-02-06,528006,15985,12508.714,9.16,197141,17781,10350.714,3.42,,,,,,,,,1,,,
2021-02-07,539590,11584,12043.571,9.361,207562,10421,11033.143,3.601,,,,,,,,,1,,,
2021-02-08,541770,2180,10995,9.399,210928,3366,11226.286,3.659,,,,,,,,,1,,,
2021-02-09,556835,15065,12025.714,9.661,225187,14259,12142.571,3.907,,,,,,,,,1,,,
2021-02-10,570582,13747,12206.143,9.899,239285,14098,12842.286,4.151,,,,,,,,,1,,,
2021-02-11,585780,15198,12947,10.163,253482,14197,13060.286,4.398,,,,,,,,,1,,,
2021-02-12,608999,23219,13854,10.566,271104,17622,13106.286,4.703,,,,,,,,,1,,,
2021-02-13,630634,21635,14661.143,10.941,290331,19227,13312.857,5.037,,,,,,,,,1,,,
2021-02-14,666698,36064,18158.286,11.567,302414,12083,13550.286,5.247,,,,,,,,,1,,,
2021-02-15,686231,19533,20637.286,11.906,308294,5880,13909.429,5.349,,,,,,,,,1,,,
2021-02-16,704052,17821,21031,12.215,313842,5548,12665,5.445,,,,,,,,,1,,,
2021-02-17,723942,19890,21908.571,12.56,321826,7984,11791.571,5.583,,,,,,,,,2,,,
2021-02-18,748151,24209,23195.857,12.98,333859,12033,11482.429,5.792,,,,,,,,,2,,,
2021-02-19,767803,19652,22686.286,13.321,348031,14172,10989.571,6.038,,,,,,,,,2,,,
2021-02-20,783583,15780,21849.857,13.594,365220,17189,10698.429,6.336,,,,,,,,,2,,,
2021-02-21,797634,14051,18705.143,13.838,379144,13924,10961.429,6.578,,,,,,,,,2,,,
2021-02-22,801329,3695,16442.571,13.902,388490,9346,11456.571,6.74,,,,,,,,,2,,,
2021-02-23,811926,10597,15410.571,14.086,398795,10305,12136.143,6.919,,,,,,,,,2,,,
2021-02-24,824298,12372,14336.571,14.301,411107,12312,12754.429,7.132,,,,,,,,,2,,,
2021-02-25,839310,15012,13022.714,14.561,423237,12130,12768.286,7.343,,,,,,,,,2,,,
2021-02-26,856874,17564,12724.429,14.866,439712,16475,13097.286,7.629,,,,,,,,,2,,,
2021-02-27,879784,22910,13743,15.263,460498,20786,13611.143,7.989,,,,,,,,,3,,,
2021-02-28,903208,23424,15082,15.67,477555,17057,14058.714,8.285,,,,,,,,,3,,,
2021-03-01,913102,9894,15967.571,15.842,482442,4887,13421.714,8.37,,,,,,,,,3,,,
2021-03-02,930911,17809,16997.857,16.151,495961,13519,13880.857,8.604,,,,,,,,,3,,,
2021-03-03,947185,16274,17555.286,16.433,509021,13060,13987.714,8.831,,,,,,,,,3,,,
2021-03-04,965945,18760,18090.714,16.758,521567,12546,14047.143,9.049,,,,,,,,,3,,,
2021-03-05,990508,24563,19090.571,17.184,543727,22160,14859.286,9.433,,,,,,,,,3,,,
2021-03-06,1016496,25988,19530.286,17.635,564473,20746,14853.571,9.793,,,,,,,,,3,,,
2021-03-07,1041248,24752,19720,18.065,599745,35272,17455.714,10.405,,,,,,,,,3,,,
2021-03-08,1054537,13289,20205,18.295,612538,12793,18585.143,10.627,,,,,,,,,3,,,
2021-03-09,1080683,26146,21396,18.749,636951,24413,20141.429,11.051,,,,,,,,,4,,,
2021-03-10,1106235,25552,22721.429,19.192,653382,16431,20623,11.336,,,,,,,,,4,,,
2021-03-11,1131345,25110,23628.571,19.628,672150,18768,21511.857,11.661,,,,,,,,,4,,,
2021-03-12,1162621,31276,24587.571,20.17,694597,22447,21552.857,12.051,,,,,,,,,5,,,
2021-03-13,1198113,35492,25945.286,20.786,724443,29846,22852.857,12.568,,,,,,,,,5,,,
2021-03-14,1212577,14464,24475.571,21.037,737903,13460,19736.857,12.802,,,,,,,,,5,,,
2021-03-15,1219093,6516,23508,21.15,744294,6391,18822.286,12.913,,,,,,,,,5,,,
2021-03-16,1229623,10530,21277.143,21.333,754123,9829,16738.857,13.083,,,,,,,,,5,,,
2021-03-17,1252829,23206,20942,21.735,773511,19388,17161.286,13.42,,,,,,,,,5,,,
2021-03-18,1275244,22415,20557,22.124,791238,17727,17012.571,13.727,,,,,,,,,5,,,
2021-03-19,1305521,30277,20414.286,22.65,817003,25765,17486.571,14.174,,,,,,,,,5,,,
2021-03-20,1333641,28120,19361.143,23.138,839598,22595,16450.714,14.566,,,,,,,,,5,,,
2021-03-21,1366701,33060,22017.714,23.711,862360,22762,17779.571,14.961,,,,,,,,,5,,,
2021-03-22,1379689,12988,22942.286,23.936,871858,9498,18223.429,15.126,,,,,,,,,5,,,
2021-03-23,1403177,23488,24793.429,24.344,884143,12285,18574.286,15.339,,,,,,,,,5,,,
2021-03-24,1432083,28906,25607.714,24.845,894526,10383,17287.857,15.519,,,,,,,,,5,,,
2021-03-25,1464099,32016,26979.286,25.401,906837,12311,16514.143,15.733,,,,,,,,,5,,,
2021-03-26,1503092,38993,28224.429,26.077,926169,19332,15595.143,16.068,,,,,,,,,5,,,
2021-03-27,1542237,39145,29799.429,26.756,945697,19528,15157,16.407,,,,,,,,,5,,,
2021-03-28,1584648,42411,31135.286,27.492,962363,16666,14286.143,16.696,,,,,,,,,5,,,
2021-03-29,1607282,22634,32513.286,27.885,969049,6686,13884.429,16.812,,,,,,,,,5,,,
2021-03-30,1634183,26901,33000.857,28.352,987088,18039,14706.429,17.125,,,,,,,,,5,,,
2021-03-31,1664790,30607,33243.857,28.883,1005276,18188,15821.429,17.441,,,,,,,,,5,,,
2021-04-01,1696770,31980,33238.714,29.437,1022873,17597,16576.571,17.746,,,,,,,,,6,,,
2021-04-02,1731638,34868,32649.429,30.042,1045849,22976,17097.143,18.145,,,,,,,,,6,,,
2021-04-03,1774339,42701,33157.429,30.783,1075905,30056,18601.143,18.666,,,,,,,,,6,,,
2021-04-04,1825918,51579,34467.143,31.678,1098434,22529,19438.714,19.057,,,,,,,,,6,,,
2021-04-05,1837138,11220,32836.571,31.873,1105853,7419,19543.429,19.186,,,,,,,,,6,,,
2021-04-06,1870467,33329,33754.857,32.451,1121334,15481,19178,19.454,,,,,,,,,6,,,
2021-04-07,1909317,38850,34932.429,33.125,1145039,23705,19966.143,19.865,,,,,,,,,6,,,
2021-04-08,1941195,31878,34917.857,33.678,1168890,23851,20859.571,20.279,,,,,,,,,6,,,
2021-04-09,1985977,44782,36334.143,34.455,1200658,31768,22115.571,20.83,,,,,,,,,6,,,
2021-04-10,2028898,42921,36365.571,35.2,1238076,37418,23167.286,21.48,,,,,,,,,6,,,
2021-04-11,2073529,44631,35373,35.974,1272898,34822,24923.429,22.084,,,,,,,,,6,,,
2021-04-12,2122809,49280,40810.143,36.829,1292845,19947,26713.143,22.43,,,,,,,,,6,,,
2021-04-13,2163313,40504,41835.143,37.532,1316814,23969,27925.714,22.846,,,,,,,,,6,,,
2021-04-14,2200603,37290,41612.286,38.179,1339880,23066,27834.429,23.246,,,,,,,,,6,,,
2021-04-15,2240454,39851,42751.286,38.87,1363068,23188,27739.714,23.648,,,,,,,,,6,,,
2021-04-16,2276093,35639,41445.143,39.488,1391781,28713,27303.286,24.146,,,,,,,,,7,,,
2021-04-17,2309812,33719,40130.571,40.073,1425327,33546,26750.143,24.728,,,,,,,,,7,,,
2021-04-18,2341879,32067,38335.714,40.63,1466797,41470,27699.857,25.448,,,,,,,,,7,,,
2021-04-19,2366344,24465,34790.714,41.054,1489481,22684,28090.857,25.841,,,,,,,,,7,,,
2021-04-20,2388773,22429,32208.571,41.443,1513001,23520,28026.714,26.249,,,,,,,,,7,,,
2021-04-21,2413173,24400,30367.143,41.866,1537312,24311,28204.571,26.671,,,,,,,,,7,,,
2021-04-22,2437908,24735,28207.714,42.296,1578223,40911,30736.429,27.381,,,,,,,,,8,,,
2021-04-23,2460146,22238,26293.286,42.681,1612822,34599,31577.286,27.981,,,,,,,,,9,,,
2021-04-24,2485047,24901,25033.571,43.113,1654089,41267,32680.286,28.697,,,,,,,,,10,,,
2021-04-25,2505053,20006,23310.571,43.461,1695972,41883,32739.286,29.424,,,,,,,,,11,,,
2021-04-26,2517655,12602,21615.857,43.679,1709558,13586,31439.571,29.659,,,,,,,,,11,,,
2021-04-27,2535832,18177,21008.429,43.994,1739654,30096,32379,30.181,,,,,,,,,11,,,
2021-04-28,2558028,22196,20693.571,44.38,1763809,24155,32356.714,30.601,,,,,,,,,11,,,
2021-04-29,2574349,16321,19491.571,44.663,1809512,45703,33041.286,31.393,,,,,,,,,12,,,
2021-04-30,2592917,18568,18967.286,44.985,1845638,36126,33259.429,32.02,,,,,,,,,12,,,
2021-05-01,2611507,18590,18065.714,45.307,1886797,41159,33244,32.734,,,,,,,,,14,,,
2021-05-02,2620098,8591,16435,45.456,1913153,26356,31025.857,33.192,,,,,,,,,15,,,
2021-05-03,2624736,4638,15297.286,45.537,1929703,16550,31449.286,33.479,,,,,,,,,15,,,
2021-05-04,2638346,13610,14644.857,45.773,1960179,30476,31503.571,34.007,,,,,,,,,15,,,
2021-05-05,2654257,15911,13747,46.049,1992916,32737,32729.571,34.575,,,,,,,,,15,,,
2021-05-06,2674623,20366,14324.857,46.402,2037137,44221,32517.857,35.343,,,,,,,,,15,,,
2021-05-07,2688042,13419,13589.286,46.635,2075059,37922,32774.429,36,,,,,,,,,15,,,
2021-05-08,2700426,12384,12702.714,46.85,2113956,38897,32451.286,36.675,,,,,,,,,15,,,
2021-05-09,2716848,16422,13821.429,47.135,2158209,44253,35008,37.443,,,,,,,,,15,,,
2021-05-10,2732212,15364,15353.714,47.402,2183907,25698,36314.857,37.889,,,,,,,,,15,,,
2021-05-11,2742123,9911,14825.286,47.573,2213709,29802,36218.571,38.406,,,,,,,,,15,,,
2021-05-12,2747201,5078,13277.714,47.662,2226269,12560,33336.143,38.624,,,,,,,,,15,,,
2021-05-13,2759852,12651,12175.571,47.881,2256210,29941,31296.143,39.143,,,,,,,,,15,,,
2021-05-14,2774646,14794,12372,48.138,2290833,34623,30824.857,39.744,,,,,,,,,15,,,
2021-05-15,2795088,20442,13523.143,48.492,2321885,31052,29704.143,40.283,,,,,,,,,15,,,
2021-05-16,2812955,17867,13729.571,48.802,2343920,22035,26530.143,40.665,,,,,,,,,15,,,
2021-05-17,2823103,10148,12984.429,48.978,2356402,12482,24642.143,40.882,,,,,,,,,15,,,
2021-05-18,2837229,14126,13586.571,49.223,2374556,18154,22978.143,41.196,,,,,,,,,15,,,
2021-05-19,2852242,15013,15005.857,49.484,2394141,19585,23981.714,41.536,,,,,,,,,15,,,
2021-05-20,2870638,18396,15826.571,49.803,2414897,20756,22669.571,41.896,,,,,,,,,15,,,
2021-05-21,2899383,28745,17819.571,50.302,2440115,25218,21326,42.334,,,,,,,,,15,,,
2021-05-22,2918676,19293,17655.429,50.637,2462839,22724,20136.286,42.728,,,,,,,,,15,,,
2021-05-23,2932487,13811,17076,50.876,2477393,14554,19067.571,42.981,,,,,,,,,15,,,
2021-05-24,2941234,8747,16875.857,51.028,2484305,6912,18271.857,43.101,,,,,,,,,15,,,
2021-05-25,2955327,14093,16871.143,51.272,2502348,18043,18256,43.414,,,,,,,,,15,,,
2021-05-26,2969454,14127,16744.571,51.517,2519081,16733,17848.571,43.704,,,,,,,,,15,,,
2021-05-27,2981338,11884,15814.286,51.724,2533324,14243,16918.143,43.951,,,,,,,,,17,,,
2021-05-28,2994838,13500,13636.429,51.958,2548830,15506,15530.714,44.22,,,,,,,,,17,,,
2021-05-29,3007087,12249,12630.143,52.17,2565480,16650,14663,44.509,,,,,,,,,17,,,
2021-05-30,3016415,9328,11989.714,52.332,2575671,10191,14039.714,44.686,,,,,,,,,17,,,
2021-05-31,3022501,6086,11609.571,52.438,2581586,5915,13897.286,44.788,,,,,,,,,17,,,
2021-06-01,3027195,4694,10266.857,52.519,2586193,4607,11977.857,44.868,,,,,,,,,20,,,
2021-06-02,3038521,11326,9866.714,52.716,2598515,12322,11347.714,45.082,,,,,,,,,20,,,
2021-06-03,3049545,11024,9743.857,52.907,2611234,12719,11130,45.303,,,,,,,,,20,,,
2021-06-04,3061778,12233,9562.857,53.119,2625296,14062,10923.714,45.547,,,,,,,,,20,,,
2021-06-05,3061778,0,7813,53.119,2625296,0,8545.143,45.547,,,,,,,,,21,,,
2021-06-06,3081066,19288,9235.857,53.454,2658365,33069,11813.429,46.12,,,,,,,,,21,,,
2021-06-07,3086585,5519,9154.857,53.55,2668709,10344,12446.143,46.3,,,,,,,,,21,,,
2021-06-08,3093036,6451,9405.857,53.662,2680786,12077,13513.286,46.509,,,,,,,,,21,,,
2021-06-09,3102816,9780,9185,53.831,2698515,17729,14285.714,46.817,,,,,,,,,21,,,
2021-06-10,3112398,9582,8979,53.997,2717454,18939,15174.286,47.145,,,,,,,,,21,,,
2021-06-11,3119692,7294,8273.429,54.124,2732346,14892,15292.857,47.404,,,,,,,,,21,,,
2021-06-12,3128011,8319,9461.857,54.268,2747581,15235,17469.286,47.668,,,,,,,,,21,,,
2021-06-13,3131453,3442,7198.143,54.328,2756249,8668,13983.429,47.819,,,,,,,,,21,,,
2021-06-14,3134335,2882,6821.429,54.378,2763711,7462,13571.714,47.948,,,,,,,,,21,,,
2021-06-15,3144082,9747,7292.286,54.547,2790684,26973,15699.714,48.416,,,,,,,,,21,,,
2021-06-16,3150680,6598,6837.714,54.662,2802547,11863,14861.714,48.622,,,,,,,,,22,,,
2021-06-17,3156965,6285,6366.714,54.771,2814414,11867,13851.429,48.828,,,,,,,,,22,,,
2021-06-18,3165868,8903,6596.571,54.925,2829202,14788,13836.571,49.084,,,,,,,,,22,,,
2021-06-19,3172331,6463,6331.429,55.037,2841288,12086,13386.714,49.294,,,,,,,,,22,,,
2021-06-20,3177686,5355,6604.714,55.13,2851706,10418,13636.714,49.475,,,,,,,,,22,,,
2021-06-21,3180632,2946,6613.857,55.181,2856666,4960,13279.286,49.561,,,,,,,,,22,,,
2021-06-22,3185424,4792,5906,55.264,2863627,6961,10420.429,49.681,,,,,,,,,22,,,
2021-06-23,3191575,6151,5842.143,55.371,2872506,8879,9994.143,49.835,,,,,,,,,22,,,
2021-06-24,3198919,7344,5993.429,55.498,2882801,10295,9769.571,50.014,,,,,,,,,22,,,
2021-06-25,3205586,6667,5674,55.614,2895281,12480,9439.857,50.231,,,,,,,,,22,,,
2021-06-26,3213224,7638,5841.857,55.747,2914329,19048,10434.429,50.561,,,,,,,,,22,,,
2021-06-27,3218337,5113,5807.286,55.835,2927793,13464,10869.571,50.795,,,,,,,,,22,,,
2021-06-28,3220608,2271,5710.857,55.875,2931177,3384,10644.429,50.853,,,,,,,,,22,,,
2021-06-29,3225979,5371,5793.571,55.968,2938971,7794,10763.429,50.989,,,,,,,,,22,,,
2021-06-30,3231090,5111,5645,56.057,2945152,6181,10378,51.096,,,,,,,,,23,,,
2021-07-01,3237329,6239,5487.143,56.165,2952955,7803,10022,51.231,,,,,,,,,26,,,
2021-07-02,3240982,3653,5056.571,56.228,2957758,4803,8925.286,51.315,,,,,,,,,26,,,
2021-07-03,3247893,6911,4952.714,56.348,2967279,9521,7564.286,51.48,,,,,,,,,26,,,
2021-07-04,3250814,2921,4639.571,56.399,2971555,4276,6251.714,51.554,,,,,,,,,26,,,
2021-07-05,3252697,1883,4584.143,56.431,2974714,3159,6219.571,51.609,,,,,,,,,27,,,
2021-07-06,3254153,1456,4024.857,56.457,2976757,2043,5398,51.644,,,,,,,,,28,,,
2021-07-07,3258733,4580,3949,56.536,2981320,4563,5166.857,51.723,,,,,,,,,28,,,
2021-07-08,3263208,4475,3697,56.614,2988000,6680,5006.429,51.839,,,,,,,,,28,,,
2021-07-09,3268495,5287,3930.429,56.706,2994370,6370,5230.286,51.95,,,,,,,,,28,,,
2021-07-10,3273473,4978,3654.286,56.792,3000796,6426,4788.143,52.061,,,,,,,,,29,,,
2021-07-11,3276560,3087,3678,56.845,3004531,3735,4710.857,52.126,,,,,,,,,29,,,
2021-07-12,3278707,2147,3715.714,56.883,3008436,3905,4817.429,52.194,,,,,,,,,29,,,
2021-07-13,3282251,3544,4014,56.944,3012750,4314,5141.857,52.269,,,,,,,,,29,,,
2021-07-14,3286507,4256,3967.714,57.018,3017932,5182,5230.286,52.359,,,,,,,,,30,,,
2021-07-15,3290682,4175,3924.857,57.09,3022771,4839,4967.286,52.442,,,,,,,,,30,,,
2021-07-16,3294785,4103,3755.714,57.162,3027438,4667,4724,52.523,,,,,,,,,30,,,
2021-07-17,3299195,4410,3674.571,57.238,3032896,5458,4585.714,52.618,,,,,,,,,30,,,
2021-07-18,3302308,3113,3678.286,57.292,3036270,3374,4534.143,52.677,,,,,,,,,30,,,
2021-07-19,3304404,2096,3671,57.329,3038461,2191,4289.286,52.715,,,,,,,,,30,,,
2021-07-20,3308709,4305,3779.714,57.403,3042479,4018,4247,52.784,,,,,,,,,30,,,
2021-07-21,3313931,5222,3917.714,57.494,3047756,5277,4260.571,52.876,,,,,,,,,30,,,
2021-07-22,3318762,4831,4011.429,57.578,3052247,4491,4210.857,52.954,,,,,,,,,30,,,
2021-07-23,3323615,4853,4118.571,57.662,3056615,4368,4168.143,53.03,,,,,,,,,30,,,
2021-07-24,3329731,6116,4362.286,57.768,3061872,5257,4139.429,53.121,,,,,,,,,30,,,
2021-07-25,3333535,3804,4461,57.834,3065297,3425,4146.714,53.18,,,,,,,,,30,,,
2021-07-26,3336388,2853,4569.143,57.883,3067292,1995,4118.714,53.215,,,,,,,,,30,,,
2021-07-27,3340754,4366,4577.857,57.959,3070120,2828,3948.714,53.264,,,,,,,,,30,,,
2021-07-28,3345861,5107,4561.429,58.048,3073971,3851,3745,53.331,,,,,,,,,30,,,
2021-07-29,3352300,6439,4791.143,58.16,3078848,4877,3800.143,53.415,,,,,,,,,30,,,
2021-07-30,3358285,5985,4952.857,58.263,3083278,4430,3809,53.492,,,,,,,,,30,,,
2021-07-31,3366057,7772,5189.429,58.398,3090409,7131,4076.714,53.616,,,,,,,,,31,,,
2021-08-01,3370693,4636,5308.286,58.479,3093379,2970,4011.714,53.667,,,,,,,,,35,,,
2021-08-02,3374230,3537,5406,58.54,3095702,2323,4058.571,53.708,,,,,,,,,36,,,
2021-08-03,3379501,5271,5535.286,58.631,3099180,3478,4151.429,53.768,,,,,,,,,36,,,
2021-08-04,,,,,,,,,,,,,,,,,36,,,
2021-08-05,3500639,,,60.733,3200348,,,55.523,,,,,,,,,36,,,
2021-08-06,3507739,7100,,60.856,3204629,4281,,55.598,,,,,,,,,36,,,
2021-08-07,3515738,7999,,60.995,3209717,5088,,55.686,,,,,,,,,36,,,
2021-08-08,3521129,5391,,61.089,3212803,3086,,55.739,,,,,,,,,36,,,
2021-08-09,3524544,3415,,61.148,3214886,2083,,55.775,,,,,,,,,36,,,
2021-08-10,3530120,5576,,61.245,3218971,4085,,55.846,,,,,,,,,36,,,
2021-08-11,3535332,5212,,61.335,3222597,3626,,55.909,,,,,,,,,36,,,
2021-08-12,3544262,8930,6231.857,61.49,3228979,6382,4090.143,56.02,,,,,,,,,36,,,
2021-08-13,3551090,6828,6193,61.608,3234523,5544,4270.571,56.116,,,,,,,,,36,,,
2021-08-14,3558108,7018,6052.857,61.73,3240306,5783,4369.857,56.217,,,,,,,,,36,,,
2021-08-15,3563496,5388,6052.429,61.824,3244485,4179,4526,56.289,,,,,,,,,36,,,
2021-08-16,3566882,3386,6048.286,61.882,3247013,2528,4589.571,56.333,,,,,,,,,36,,,
2021-08-17,3573090,6208,6138.571,61.99,3251410,4397,4634.143,56.409,,,,,,,,,37,,,
2021-08-18,3579176,6086,6263.429,62.096,3256262,4852,4809.286,56.493,,,,,,,,,37,,,
2021-08-19,3585670,6494,5915.429,62.208,3261424,5162,4635,56.583,,,,,,,,,37,,,
2021-08-20,3591967,6297,5839.571,62.318,3266452,5028,4561.286,56.67,,,,,,,,,37,,,
2021-08-21,3598269,6302,5737.286,62.427,3272879,6427,4653.286,56.782,,,,,,,,,37,,,
2021-08-22,3603363,5094,5695.286,62.515,3277895,5016,4772.857,56.869,,,,,,,,,37,,,
2021-08-23,3606433,3070,5650.143,62.568,3281057,3162,4863.429,56.924,,,,,,,,,37,,,
2021-08-24,3610893,4460,5400.429,62.646,3285724,4667,4902,57.004,,,,,,,,,37,,,
2021-08-25,3617055,6162,5411.286,62.753,3291661,5937,5057,57.107,,,,,,,,,38,,,
2021-08-26,3623271,6216,5371.571,62.861,3297575,5914,5164.429,57.21,,,,,,,,,39,,,
2021-08-27,3629103,5832,5305.143,62.962,3303665,6090,5316.143,57.316,,,,,,,,,39,,,
2021-08-28,3635583,6480,5330.571,63.074,3310317,6652,5348.286,57.431,,,,,,,,,39,,,
2021-08-29,3640248,4665,5269.286,63.155,3315697,5380,5400.286,57.524,,,,,,,,,39,,,
2021-08-30,3643338,3090,5272.143,63.209,3318965,3268,5415.429,57.581,,,,,,,,,39,,,
2021-08-31,3648682,5344,5398.429,63.301,3324620,5655,5556.571,57.679,,,,,,,,,40,,,
2021-09-01,3654230,5548,5310.714,63.398,3330669,6049,5572.571,57.784,,,,,,,,,45,,,
2021-09-02,3659797,5567,5218,63.494,3336398,5729,5546.143,57.884,,,,,,,,,45,,,
2021-09-03,3665227,5430,5160.571,63.589,3341621,5223,5422.286,57.974,,,,,,,,,45,,,
2021-09-04,3671459,6232,5125.143,63.697,3348061,6440,5392,58.086,,,,,,,,,45,,,
2021-09-05,3675155,3696,4986.714,63.761,3352347,4286,5235.714,58.16,,,,,,,,,45,,,
2021-09-06,3677633,2478,4899.286,63.804,3354985,2638,5145.714,58.206,,,,,,,,,48,,,
2021-09-07,3679525,1892,4406.143,63.837,3357014,2029,4627.714,58.241,,,,,,,,,48,,,
2021-09-08,3683848,4323,4231.143,63.912,3361325,4311,4379.429,58.316,,,,,,,,,50,,,
2021-09-09,3688957,5109,4165.714,64,3367288,5963,4412.857,58.42,,,,,,,,,51,,,
2021-09-10,3693986,5029,4108.429,64.087,3372511,5223,4412.857,58.51,,,,,,,,,52,,,
2021-09-11,3700010,6024,4078.714,64.192,3378250,5739,4312.714,58.61,,,,,,,,,52,,,
2021-09-12,3704693,4683,4219.714,64.273,3383292,5042,4420.714,58.697,,,,,,,,,52,,,
2021-09-13,3707637,2944,4286.286,64.324,3386456,3164,4495.857,58.752,,,,,,,,,52,,,
2021-09-14,3713230,5593,4815,64.421,3391741,5285,4961,58.844,,,,,,,,,52,,,
2021-09-15,3717567,4337,4817,64.497,3396839,5098,5073.429,58.932,,,,,,,,,54,,,
2021-09-16,3722521,4954,4794.857,64.583,3402257,5418,4995.571,59.026,,,,,,,,,54,,,
2021-09-17,3727789,5268,4829,64.674,3408631,6374,5160,59.137,,,,,,,,,55,,,
2021-09-18,3731681,3892,4524.429,64.741,3412885,4254,4947.857,59.211,,,,,,,,,56,,,
2021-09-19,3735016,3335,4331.857,64.799,3416932,4047,4805.714,59.281,,,,,,,,,56,,,
2021-09-20,3737523,2507,4269.429,64.843,3420472,3540,4859.429,59.342,,,,,,,,,57,,,
2021-09-21,3741570,4047,4048.571,64.913,3425279,4807,4791.143,59.426,,,,,,,,,60,,,
2021-09-22,3746220,4650,4093.286,64.994,3430389,5110,4792.857,59.514,,,,,,,,,60,,,
2021-09-23,3749771,3551,3892.857,65.055,3434303,3914,4578,59.582,,,,,,,,,62,,,
2021-09-24,3754296,4525,3786.714,65.134,3439349,5046,4388.286,59.67,,,,,,,,,65,,,
2021-09-25,3759657,5361,3996.571,65.227,3445331,5982,4635.143,59.774,,,,,,,,,65,,,
2021-09-26,3762427,2770,3915.857,65.275,3448223,2892,4470.143,59.824,,,,,,,,,66,,,
2021-09-27,3764692,2265,3881.286,65.314,3450696,2473,4317.714,59.867,101353,,,1.758,,,,,69,,,
2021-09-28,3768614,3922,3863.429,65.382,3455322,4626,4291.857,59.947,105596,4243,,1.832,,,,,71,,,
2021-09-29,3772343,3729,3731.857,65.447,3458682,3360,4041.857,60.005,117927,12331,,2.046,,,,,76,,,
2021-09-30,3775793,3450,3717.429,65.507,3461855,3173,3936,60.06,124276,6349,,2.156,,,,,77,,,
2021-10-01,3779286,3493,3570,65.567,3465294,3439,3706.429,60.12,128952,4676,,2.237,,,,,92,,,
2021-10-02,3783385,4099,3389.714,65.638,3470029,4735,3528.286,60.202,137190,8238,,2.38,,,,,92,,,
2021-10-03,3789294,5909,3838.143,65.741,3476237,6208,4002,60.31,155884,18694,,2.704,,,,,93,,,
2021-10-04,3790965,1671,3753.286,65.77,3478271,2034,3939.286,60.345,159987,4103,8376.286,2.776,,,,,96,,,
2021-10-05,3793657,2692,3577.571,65.817,3481392,3121,3724.286,60.399,165283,5296,8526.714,2.868,,,,,98,,,
2021-10-06,3796515,2858,3453.143,65.866,3484391,2999,3672.714,60.451,172361,7078,7776.286,2.99,,,,,101,,,
2021-10-07,3801605,5090,3687.429,65.955,3489844,5453,3998.429,60.546,187356,14995,9011.429,3.25,,,,,104,,,
2021-10-08,3803043,1438,3393.857,65.98,3491915,2071,3803,60.582,192919,5563,9138.143,3.347,,,,,108,,,
2021-10-09,3803043,0,2808.286,65.98,3491915,0,3126.571,60.582,192919,0,7961.286,3.347,,,,,110,,,
2021-10-10,3812293,9250,3285.571,66.14,3501455,9540,3602.571,60.747,215601,22682,8531,3.74,,,,,112,,,
2021-10-11,3813559,1266,3227.714,66.162,3503121,1666,3550,60.776,218766,3165,8397,3.795,,,,,114,,,
2021-10-12,3816740,3181,3297.571,66.217,3506436,3315,3577.714,60.834,224817,6051,8504.857,3.9,,,,,117,,,
2021-10-13,3820049,3309,3362,66.275,3509846,3410,3636.429,60.893,234547,9730,8883.714,4.069,,,,,118,,,
2021-10-14,3822651,2602,3006.571,66.32,3513189,3343,3335,60.951,241248,6701,7698.857,4.185,,,,,119,,,
2021-10-15,3825798,3147,3250.714,66.374,3516765,3576,3550,61.013,247951,6703,7861.714,4.302,,,,,122,,,
2021-10-16,3831061,5263,4002.571,66.466,3522895,6130,4425.714,61.119,260558,12607,9662.714,4.52,,,,,122,,,
2021-10-17,3833142,2081,2978.429,66.502,3525302,2407,3406.714,61.161,267165,6607,7366.286,4.635,,,,,126,,,
2021-10-18,3834463,1321,2986.286,66.525,3526778,1476,3379.571,61.187,269872,2707,7300.857,4.682,,,,,131,,,
2021-10-19,3837518,3055,2968.286,66.578,3530337,3559,3414.429,61.248,275318,5446,7214.429,4.777,,,,,132,,,
2021-10-20,3839883,2365,2833.429,66.619,3532813,2476,3281,61.291,281304,5986,6679.571,4.88,,,,,137,,,
2021-10-21,3844457,4574,3115.143,66.698,3537562,4749,3481.857,61.374,293832,12528,7512,5.098,,,,,142,,,
2021-10-22,3848123,3666,3189.286,66.762,3541364,3802,3514.143,61.44,303131,9299,7882.857,5.259,,,,,144,,,
2021-10-23,3849880,1757,2688.429,66.792,3543042,1678,2878.143,61.469,308214,5083,6808,5.347,,,,,145,,,
2021-10-24,3854799,4919,3093.857,66.877,3548007,4965,3243.571,61.555,331652,23438,9212.429,5.754,,,,,146,,,
2021-10-25,3856911,2112,3206.857,66.914,3549979,1972,3314.429,61.589,341759,10107,10269.571,5.929,,,,,150,,,
2021-10-26,3860309,3398,3255.857,66.973,3553019,3040,3240.286,61.642,354586,12827,11324,6.152,,,,,153,,,
2021-10-27,3863690,3381,3401,67.032,3556265,3246,3350.286,61.698,370193,15607,12698.429,6.423,,,,,160,,,
2021-10-28,3867996,4306,3362.714,67.106,3558422,2157,2980,61.736,397488,27295,14808,6.896,,,,,168,,,
2021-10-29,3870710,2714,3226.714,67.153,3560685,2263,2760.143,61.775,413488,16000,15765.286,7.174,,,,,173,,,
2021-10-30,3874687,3977,3543.857,67.222,3564293,3608,3035.857,61.837,439805,26317,18798.714,7.63,,,,,173,,,
2021-10-31,3879117,4430,3474,67.299,3568226,3933,2888.429,61.906,472177,32372,20075,8.192,,,,,174,,,
2021-11-01,3881150,2033,3462.714,67.335,3569960,1734,2854.429,61.936,485744,13567,20569.286,8.427,,,,,191,,,
2021-11-02,3883740,2590,3347.286,67.38,3572399,2439,2768.571,61.978,499734,13990,20735.429,8.67,,,,,194,,,
2021-11-03,3887485,3745,3399.286,67.445,3575340,2941,2725,62.029,518073,18339,21125.714,8.988,,,,,200,,,
2021-11-04,3889889,2404,3127.571,67.486,3577266,1926,2692,62.062,531058,12985,19081.429,9.213,,,,,201,,,
2021-11-05,3894095,4206,3340.714,67.559,3577636,370,2421.571,62.069,547381,16323,19127.571,9.497,,,,,206,,,
2021-11-06,3898577,4482,3412.857,67.637,3578100,464,1972.429,62.077,567175,19794,18195.714,9.84,,,,,207,,,
2021-11-07,3909039,10462,4274.571,67.818,3582566,4466,2048.571,62.154,601425,34250,18464,10.434,,,,,209,,,
2021-11-08,3914014,4975,4694.857,67.905,3583793,1227,1976.143,62.176,609630,8205,17698,10.577,,,,,211,,,
2021-11-09,3918934,4920,5027.714,67.99,3586024,2231,1946.429,62.214,621144,11514,17344.286,10.776,,,,,213,,,
2021-11-10,3925350,6416,5409.286,68.101,3588492,2468,1878.857,62.257,637325,16181,17036,11.057,,,,,219,,,
2021-11-11,3930167,4817,5754,68.185,3590712,2220,1920.857,62.296,651312,13987,17179.143,11.3,,,,,226,,,
2021-11-12,3935935,5768,5977.143,68.285,3593193,2481,2222.429,62.339,672501,21189,17874.286,11.667,,,,,229,,,
2021-11-13,3943109,7174,6361.714,68.41,3595760,2567,2522.857,62.383,692250,19749,17867.857,12.01,,,,,229,,,
2021-11-14,3952743,9634,6243.429,68.577,3603237,7477,2953,62.513,718635,26385,16744.286,12.468,,,,,230,,,
2021-11-15,3970559,17816,8077.857,68.886,3606376,3139,3226.143,62.568,748332,29697,19814.571,12.983,,,,,235,,,
2021-11-16,3981138,10579,8886.286,69.069,3608573,2197,3221.286,62.606,763202,14870,20294,13.241,,,,,243,,,
2021-11-17,3989402,8264,9150.286,69.213,3610902,2329,3201.429,62.646,781380,18178,20579.286,13.556,,,,,246,,,
2021-11-18,3997120,7718,9564.714,69.347,3614011,3109,3328.429,62.7,807047,25667,22247.857,14.002,,,,,250,,,
2021-11-19,4006323,9203,10055.429,69.506,3617081,3070,3412.571,62.753,834378,27331,23125.286,14.476,,,,,256,,,
2021-11-20,4016431,10108,10474.571,69.682,3620469,3388,3529.857,62.812,863559,29181,24472.714,14.982,,,,,257,,,
2021-11-21,4025987,9556,10463.429,69.847,3622782,2313,2792.143,62.852,889156,25597,24360.143,15.426,,,,,261,,,
2021-11-22,4030693,4706,8590.571,69.929,3623970,1188,2513.429,62.873,899159,10003,21546.714,15.6,,,,,269,,,
2021-11-23,4038745,8052,8229.571,70.069,3626584,2614,2573,62.918,915243,16084,21720.143,15.879,,,,,276,,,
2021-11-24,4047891,9146,8355.571,70.227,3629574,2990,2667.429,62.97,938917,23674,22505.286,16.289,,,,,281,,,
2021-11-25,4055022,7131,8271.714,70.351,3632575,3001,2652,63.022,961596,22679,22078.429,16.683,,,,,281,,,
2021-11-26,4056968,1946,7235,70.385,3633385,810,2329.143,63.036,967764,6168,19055.143,16.79,,,,,286,,,
2021-11-27,4060387,3419,6279.429,70.444,3635601,2216,2161.714,63.075,976739,8975,16168.571,16.946,,,,,289,,,
2021-11-28,4063631,3244,5377.714,70.5,3638179,2578,2199.571,63.119,987436,10697,14040,17.131,,,,,289,,,
2021-11-29,4066619,2988,5132.286,70.552,3641889,3710,2559.857,63.184,994503,7067,13620.571,17.254,,,,,296,,,
2021-11-30,4070847,4228,4586,70.626,3647017,5128,2919,63.273,1006438,11935,13027.857,17.461,,,,,299,,,
2021-12-01,4076884,6037,4141.857,70.73,3653187,6170,3373.286,63.38,1026385,19947,12495.429,17.807,,,,,316,,,
2021-12-02,4082262,5378,3891.429,70.824,3659368,6181,3827.571,63.487,1045478,19093,11983.143,18.138,,,,,322,,,
2021-12-03,4087622,5360,4379.143,70.917,3665210,5842,4546.429,63.588,1065996,20518,14033.143,18.494,,,,,324,,,
2021-12-04,4092653,5031,4609.429,71.004,3671833,6623,5176,63.703,1085489,19493,15535.714,18.832,,,,,324,,,
2021-12-05,4097930,5277,4899.857,71.096,3679365,7532,5883.714,63.834,1108738,23249,17328.857,19.236,,,,,335,,,
2021-12-06,4105085,7155,5495.143,71.22,3696627,17262,7819.714,64.133,1137323,28585,20402.857,19.732,,,,,348,,,
2021-12-07,4111386,6301,5791.286,71.329,3703316,6689,8042.714,64.249,1151924,14601,20783.714,19.985,,,,,359,,,
2021-12-08,4116577,5191,5670.429,71.419,3708753,5437,7938,64.344,1170036,18112,20521.571,20.299,,,,,362,,,
2021-12-09,4123615,7038,5907.571,71.541,3716888,8135,8217.143,64.485,1196724,26688,21606.571,20.762,,,,,364,,,
2021-12-10,4128854,5239,5890.286,71.632,3722497,5609,8183.857,64.582,1216437,19713,21491.571,21.104,,,,,368,,,
2021-12-11,4134694,5840,6005.857,71.733,3728953,6456,8160,64.694,1238447,22010,21851.143,21.486,,,,,376,,,
2021-12-12,4140465,5771,6076.429,71.833,3737894,8941,8361.286,64.849,1263632,25185,22127.714,21.923,,,,,379,,,
2021-12-13,4142280,1815,5313.571,71.865,3739632,1738,6143.571,64.879,1270062,6430,18962.714,22.034,,,,,387,,,
2021-12-14,4146895,4615,5072.714,71.945,3746383,6751,6152.429,64.997,1283629,13567,18815,22.27,,,,,391,,,
2021-12-15,4153102,6207,5217.857,72.053,3752937,6554,6312,65.11,1305951,22322,19416.429,22.657,,,,,398,,,
2021-12-16,4157984,4882,4909.857,72.137,3757455,4518,5795.286,65.189,1326851,20900,18589.571,23.02,,,,,406,,,
2021-12-17,4163778,5794,4989.143,72.238,3761846,4391,5621.286,65.265,1346672,19821,18605,23.364,,,,,415,,,
2021-12-18,4168183,4405,4784.143,72.314,3764620,2774,5095.286,65.313,1364487,17815,18005.714,23.673,,,,,419,,,
2021-12-19,4173462,5279,4713.857,72.406,3769367,4747,4496.143,65.395,1384618,20131,17283.714,24.022,,,,,420,,,
2021-12-20,4176992,3530,4958.857,72.467,3771723,2356,4584.429,65.436,1397942,13324,18268.571,24.253,,,,,427,,,
2021-12-21,4183165,6173,5181.429,72.574,3776942,5219,4365.571,65.527,1414056,16114,18632.429,24.533,,,,,430,,,
2021-12-22,4190237,7072,5305,72.697,3781679,4737,4106,65.609,1439601,25545,19092.857,24.976,,,,,436,,,
2021-12-23,4195922,5685,5419.714,72.796,3786288,4609,4119,65.689,1459758,20157,18986.714,25.326,,,,,438,,,
2021-12-24,4201503,5581,5389.286,72.892,3790089,3801,4034.714,65.755,1478070,18312,18771.143,25.643,,,,,440,,,
2021-12-25,4203960,2457,5111,72.935,3791741,1652,3874.429,65.783,1486465,8395,17425.429,25.789,,,,,440,,,
2021-12-26,4204682,722,4460,72.948,3792238,497,3267.286,65.792,1488603,2138,14855,25.826,,,,,441,,,
2021-12-27,4206108,1426,4159.429,72.972,3793549,1311,3118,65.815,1493213,4610,13610.143,25.906,,,,,447,,,
2021-12-28,4210862,4754,3956.714,73.055,3797614,4065,2953.143,65.885,1505492,12279,13062.286,26.119,,,,,454,,,
2021-12-29,4215918,5056,3668.714,73.143,3801855,4241,2882.286,65.959,1522713,17221,11873.143,26.418,,,,,460,,,
2021-12-30,4221302,5384,3625.714,73.236,3806832,4977,2934.857,66.045,1541158,18445,11628.571,26.738,,,,,462,,,
2021-12-31,4227253,5951,3678.571,73.339,3811160,4328,3010.143,66.12,1558081,16923,11430.143,27.031,,,,,463,,,
2022-01-01,4230103,2850,3734.714,73.389,3813268,2108,3075.286,66.157,1565732,7651,11323.857,27.164,,,,,464,,,
2022-01-02,4231561,1458,3839.857,73.414,3814429,1161,3170.143,66.177,1570013,4281,11630,27.238,,,,,466,,,
2022-01-03,4232857,1296,3821.286,73.436,3815377,948,3118.286,66.193,1572761,2748,11364,27.286,,,,,475,,,
2022-01-04,4236547,3690,3669.286,73.5,3818604,3227,2998.571,66.249,1581869,9108,10911,27.444,,,,,476,,,
2022-01-05,4241363,4816,3635,73.584,3822434,3830,2939.857,66.316,1597152,15283,10634.143,27.709,,,,,481,,,
2022-01-06,4246198,4835,3556.571,73.668,3825951,3517,2731.286,66.377,1612452,15300,10184.857,27.975,,,,,486,,,
2022-01-07,4251060,4862,3401,73.752,3829624,3673,2637.714,66.441,1627687,15235,9943.714,28.239,,,,,490,,,
2022-01-08,4255903,4843,3685.714,73.836,3833850,4226,2940.286,66.514,1645181,17494,11349.857,28.542,,,,,492,,,
2022-01-09,4259361,3458,3971.429,73.896,3836868,3018,3205.571,66.566,1659058,13877,12720.714,28.783,,,,,493,,,
2022-01-10,4261158,1797,4043,73.927,3838111,1243,3247.714,66.588,1664043,4985,13040.286,28.87,,,,,496,,,
2022-01-11,4265397,4239,4121.429,74.001,3841587,3476,3283.286,66.648,1676087,12044,13459.714,29.079,,,,,500,,,
2022-01-12,4270325,4928,4137.429,74.086,3845265,3678,3261.571,66.712,1690518,14431,13338,29.329,,,,,508,,,
2022-01-13,4275553,5228,4193.571,74.177,3849082,3817,3304.429,66.778,1706718,16200,13466.571,29.61,,,,,510,,,
2022-01-14,4280667,5114,4229.571,74.266,3852766,3684,3306,66.842,1720845,14127,13308.286,29.855,,,,,516,,,
2022-01-15,4285586,4919,4240.429,74.351,3856048,3282,3171.143,66.899,1736443,15598,13037.429,30.126,,,,,517,,,
2022-01-16,4289165,3579,4257.714,74.413,3857808,1760,2991.429,66.93,1747898,11455,12691.429,30.325,,,,,519,,,
2022-01-17,4290703,1538,4220.714,74.44,3858667,859,2936.571,66.945,1752587,4689,12649.143,30.406,,,,,522,,,
2022-01-18,4292850,2147,3921.857,74.477,3860192,1525,2657.857,66.971,1759491,6904,11914.857,30.526,,,,,526,,,
2022-01-19,4297018,4168,3813.286,74.55,3863072,2880,2543.857,67.021,1770933,11442,11487.857,30.724,,,,,534,,,
2022-01-20,4299963,2945,3487.143,74.601,3865298,2226,2316.571,67.06,1779101,8168,10340.429,30.866,,,,,539,,,
2022-01-21,4304237,4274,3367.143,74.675,3868691,3393,2275,67.118,1791151,12050,10043.714,31.075,,,,,544,,,
2022-01-22,,,,,,,,,,,,,,,,,545,,,
2022-01-23,4310771,,3086.571,74.788,3872807,,2142.714,67.19,1813575,,9382.429,31.464,,,,,546,,,
2022-01-24,4312085,1314,3054.571,74.811,3873622,815,2136.429,67.204,1817329,3754,9248.857,31.529,,,,,551,,,
2022-01-25,4314673,2588,3117.571,74.856,3875765,2143,2224.714,67.241,1824861,7532,9338.571,31.66,,,,,551,,,
2022-01-26,4317742,3069,2960.571,74.909,3878313,2548,2177.286,67.285,1833335,8474,8914.571,31.807,,,,,553,,,
2022-01-27,4320871,3129,2986.857,74.963,3880835,2522,2219.571,67.329,1841604,8269,8929,31.95,,,,,560,,,
2022-01-28,4323774,2903,2791,75.014,3883167,2332,2068,67.37,1849019,7415,8266.857,32.079,,,,,563,,,
2022-01-29,4369506,,,75.807,3912442,,,67.877,1858825,9806,,32.249,,,,,565,,,
2022-01-30,,,,,,,,,,,,,,,,,566,,,
2022-01-31,,,,,,,,,,,,,,,,,569,,,
2022-02-01,4374908,,,75.901,3916996,,,67.956,1873117,,6893.714,32.497,,,,,580,,,
2022-02-02,4377444,2536,,75.945,3919253,2257,,67.996,1879359,6242,6574.857,32.605,,,,,581,,,
2022-02-03,4378799,1355,,75.968,3920621,1368,,68.019,1883098,3739,5927.714,32.67,,,,,584,,,
2022-02-04,4380835,2036,,76.004,3922873,2252,,68.058,1887880,4782,5551.571,32.753,,,,,586,,,
2022-02-05,4383181,2346,1953.571,76.044,3925249,2376,1829.571,68.1,1894770,6890,5135,32.873,,,,,588,,,
2022-02-06,4385014,1833,,76.076,3927010,1761,,68.13,1899573,4803,,32.956,,,,,589,,,
2022-02-07,4385797,783,,76.09,3927711,701,,68.142,1901653,2080,,32.992,,,,,590,,,
2022-02-08,4388495,2698,1941,76.137,3929732,2021,1819.429,68.177,1905928,4275,4687.286,33.066,,,,,591,,,
2022-02-09,4390797,2302,1907.571,76.177,3931897,2165,1806.286,68.215,1911486,5558,4589.571,33.163,,,,,592,,,
2022-02-10,4392916,2119,2016.714,76.213,3934236,2339,1945,68.256,1916338,4852,4748.571,33.247,,,,,595,,,
2022-02-11,4394986,2070,2021.571,76.249,3936467,2231,1942,68.294,1920888,4550,4715.429,33.326,,,,,596,,,
2022-02-12,,,,,,,,,,,,,,,,,598,,,
2022-02-13,,,,,,,,,,,,,,,,,599,,,
2022-02-14,4400248,,2064.429,76.34,3940409,,1814,68.363,1930864,,4173,33.499,,,,,603,,,
2022-02-15,4401892,1644,1913.857,76.369,3941683,1274,1707.286,68.385,1933822,2958,3984.857,33.55,,,,,604,,,
2022-02-16,4403434,1542,1805.286,76.396,3943274,1591,1625.286,68.412,1937247,3425,3680.143,33.61,,,,,605,,,
2022-02-17,4404809,1375,1699,76.42,3944655,1381,1488.429,68.436,1940430,3183,3441.714,33.665,,,,,605,,,
2022-02-18,4406566,1757,1654.286,76.45,3946420,1765,1421.857,68.467,1943871,3441,3283.286,33.724,,,,,605,,,
2022-02-19,,,,,,,,,,,,,,,,,607,,,
2022-02-20,,,,,,,,,,,,,,,,,609,,,
2022-02-21,4409916,,1381.143,76.508,3949622,,1316.143,68.523,1951648,,2969.143,33.859,,,,,610,,,
2022-02-22,4411073,1157,1311.571,76.528,3950708,1086,1289.286,68.541,1954136,2488,2902,33.903,,,,,610,,,
2022-02-23,4413580,2507,1449.429,76.572,3955090,4382,1688,68.617,1957116,2980,2838.429,33.954,,,,,610,,,
2022-02-24,4414893,1313,1440.571,76.595,3956279,1189,1660.571,68.638,1960020,2904,2798.571,34.005,,,,,610,,,
2022-02-25,4416078,1185,1358.857,76.615,3957551,1272,1590.143,68.66,1962486,2466,2659.286,34.047,,,,,610,,,
2022-02-26,,,,,,,,,,,,,,,,,610,,,
2022-02-27,,,,,,,,,,,,,,,,,612,,,
2022-02-28,4418675,,1251.286,76.66,3960444,,1546,68.71,1968812,,2452,34.157,,,,,621,,,
2022-03-01,4419850,1175,1253.857,76.681,3961623,1179,1559.286,68.731,1970952,2140,2402.286,34.194,,,,,633,,,
2022-03-02,4420821,971,1034.429,76.697,3962857,1234,1109.571,68.752,1973171,2219,2293.571,34.233,,,,,634,,,
2022-03-03,4421829,1008,990.857,76.715,3964021,1164,1106,68.772,1975402,2231,2197.429,34.272,,,,,636,,,
2022-03-04,4422544,715,923.714,76.727,3965114,1093,1080.429,68.791,1977253,1851,2109.571,34.304,,,,,638,,,
2022-03-05,,,,,,,,,,,,,,,,,639,,,
2022-03-06,,,,,,,,,,,,,,,,,640,,,
2022-03-07,4425063,,912.571,76.771,3967546,,1014.571,68.833,1982718,,1986.571,34.398,,,,,642,,,
2022-03-08,4426348,1285,928.286,76.793,3968733,1187,1015.714,68.854,1984619,1901,1952.429,34.431,,,,,644,,,
2022-03-09,4427493,1145,953.143,76.813,3969887,1154,1004.286,68.874,1986795,2176,1946.286,34.469,,,,,646,,,
2022-03-10,4428533,1040,957.714,76.831,3970997,1110,996.571,68.893,1988545,1750,1877.571,34.5,,,,,647,,,
2022-03-11,4429596,1063,1007.429,76.85,3972126,1129,1001.714,68.913,1990498,1953,1892.143,34.533,,,,,649,,,
2022-03-12,,,,,,,,,,,,,,,,,651,,,
2022-03-13,,,,,,,,,,,,,,,,,654,,,
2022-03-14,4431714,,950.143,76.886,3974235,,955.571,68.95,1994492,,1682,34.603,,,,,655,,,
2022-03-15,4432895,1181,935.286,76.907,3975329,1094,942.286,68.969,1996207,1715,1655.429,34.632,,,,,656,,,
2022-03-16,4433838,943,906.429,76.923,3976285,956,914,68.985,1997827,1620,1576,34.661,,,,,656,,,
2022-03-17,4434763,925,890,76.939,3977204,919,886.714,69.001,1999553,1726,1572.571,34.691,,,,,656,,,
2022-03-18,4435533,770,848.143,76.953,3977991,787,837.857,69.015,2001151,1598,1521.857,34.718,,,,,657,,,
2022-03-19,,,,,,,,,,,,,,,,,659,,,
2022-03-20,,,,,,,,,,,,,,,,,660,,,
2022-03-21,4436746,,718.857,76.974,3979628,,770.429,69.043,2004920,,1489.714,34.784,,,,,662,,,
2022-03-22,4437268,522,624.714,76.983,3980330,702,714.429,69.055,2006337,1417,1447.143,34.808,,,,,664,,,
2022-03-23,4438536,1268,671.143,77.005,3981834,1504,792.714,69.081,2008541,2204,1530.571,34.846,,,,,665,,,
2022-03-24,4439086,550,617.571,77.014,3982607,773,771.857,69.095,2010229,1688,1525.143,34.876,,,,,668,,,
2022-03-25,4439617,531,583.429,77.024,3983229,622,748.286,69.106,2011758,1529,1515.286,34.902,,,,,669,,,
2022-03-26,,,,,,,,,,,,,,,,,670,,,
2022-03-27,,,,,,,,,,,,,,,,,670,,,
2022-03-28,4440739,,570.429,77.043,3984741,,730.429,69.132,2015283,,1480.429,34.963,,,,,670,,,
2022-03-29,4441505,766,605.286,77.056,3985454,713,732,69.144,2016543,1260,1458,34.985,,,,,672,,,
2022-03-30,4442097,592,508.714,77.067,3986123,669,612.714,69.156,2017602,1059,1294.429,35.004,,,,,672,,,
2022-03-31,4442772,675,526.571,77.078,3986877,754,610,69.169,2019240,1638,1287.286,35.032,,,,,681,,,
2022-04-01,4443405,633,541.143,77.089,3987592,715,623.286,69.181,2020891,1651,1304.714,35.061,,,,,693,,,
2022-04-02,,,,,,,,,,,,,,,,,697,,,
2022-04-03,,,,,,,,,,,,,,,,,700,,,
2022-04-04,4445659,,702.857,77.128,3989322,,654.429,69.211,2025515,,1461.714,35.141,,,,,703,,,
2022-04-05,4446316,657,687.286,77.14,3989911,589,636.714,69.222,2026211,696,1381.143,35.153,,,,,703,,,
2022-04-06,4447071,755,710.571,77.153,3990543,632,631.429,69.232,2027629,1418,1432.429,35.178,,,,,708,,,
2022-04-07,4447816,745,720.571,77.166,3991209,666,618.857,69.244,2029000,1371,1394.286,35.201,,,,,713,,,
2022-04-08,4448565,749,737.143,77.179,3991845,636,607.571,69.255,2030315,1315,1346.286,35.224,,,,,715,,,
2022-04-09,,,,,,,,,,,,,,,,,715,,,
2022-04-10,,,,,,,,,,,,,,,,,716,,,
2022-04-11,4451188,,789.857,77.224,3993770,,635.429,69.288,2034796,,1325.857,35.302,,,,,719,,,
2022-04-12,4452079,891,823.286,77.24,3994390,620,639.857,69.299,2035700,904,1355.571,35.318,,,,,723,,,
2022-04-13,4452969,890,842.571,77.255,3994989,599,635.143,69.31,2037071,1371,1348.857,35.341,,,,,725,,,
2022-04-14,4453888,919,867.429,77.271,3995792,803,654.714,69.324,2039480,2409,1497.143,35.383,,,,,726,,,
2022-04-15,4455070,1182,929.286,77.292,3996703,911,694,69.339,2043419,3939,1872,35.452,,,,,731,,,
2022-04-16,,,,,,,,,,,,,,,,,731,,,
2022-04-17,,,,,,,,,,,,,,,,,731,,,
2022-04-18,4457450,,894.571,77.333,3998412,,663.143,69.369,2047563,,1823.857,35.523,,,,,736,,,
2022-04-19,4458735,1285,950.857,77.355,3999198,786,686.857,69.383,2049105,1542,1915,35.55,,,,,740,,,
2022-04-20,4459604,869,947.857,77.37,3999896,698,701,69.395,2050403,1298,1904.571,35.573,,,,,744,,,
2022-04-21,4460144,540,893.714,77.38,4000369,473,653.857,69.403,2051384,981,1700.571,35.59,,,,,750,,,
2022-04-22,4460833,689,823.286,77.392,4026840,,,69.862,2052486,1102,1295.286,35.609,,,,,755,,,
2022-04-23,,,,,,,,,,,,,,,,,756,,,
2022-04-24,,,,,,,,,,,,,,,,,758,,,
2022-04-25,4462922,,781.714,77.428,4028991,,,69.9,2056581,,1288.286,35.68,,,,,763,,,
2022-04-26,4464030,1108,756.429,77.447,4030310,1319,,69.922,2057580,999,1210.714,35.697,,,,,768,,,
2022-04-27,4464859,829,750.714,77.461,4030971,661,,69.934,2058632,1052,1175.571,35.715,,,,,773,,,
2022-04-28,4465522,663,768.286,77.473,4031623,652,,69.945,2059983,1351,1228.429,35.739,,,,,773,,,
2022-04-29,4466185,663,764.571,77.484,4032362,739,788.857,69.958,2061251,1268,1252.143,35.761,,,,,778,,,
2022-04-30,,,,,,,,,,,,,,,,,778,,,
2022-05-01,,,,,,,,,,,,,,,,,796,,,
2022-05-02,4467905,,711.857,77.514,4034181,,741.429,69.99,2064482,,1128.714,35.817,,,,,800,,,
2022-05-03,4468602,697,653.143,77.526,4034736,555,632.286,69.999,2065100,618,1074.286,35.828,,,,,804,,,
2022-05-04,4469230,628,624.429,77.537,4035323,587,621.714,70.009,2066143,1043,1073,35.846,,,,,804,,,
2022-05-05,4469913,683,627.286,77.549,4036067,744,634.857,70.022,2067693,1550,1101.429,35.873,,,,,809,,,
2022-05-06,4470526,613,620.143,77.56,4036723,656,623,70.034,2068880,1187,1089.857,35.893,,,,,816,,,
2022-05-07,,,,,,,,,,,,,,,,,817,,,
2022-05-08,,,,,,,,,,,,,,,,,818,,,
2022-05-09,4472133,,604,77.588,4038267,,583.714,70.06,2072004,,1074.571,35.947,,,,,821,,,
2022-05-10,4473095,962,641.857,77.604,4038938,671,600.286,70.072,2072673,669,1081.857,35.959,,,,,822,,,
2022-05-11,4473765,670,647.857,77.616,4039573,635,607.143,70.083,2073973,1300,1118.571,35.982,,,,,830,,,
2022-05-12,4474430,665,645.286,77.627,4040274,701,601,70.095,2075342,1369,1092.714,36.005,,,,,833,,,
2022-05-13,4475160,730,662,77.64,4040922,648,599.857,70.107,2076493,1151,1087.571,36.025,,,,,837,,,
2022-05-14,,,,,,,,,,,,,,,,,838,,,
2022-05-15,,,,,,,,,,,,,,,,,839,,,
2022-05-16,4476759,,660.857,77.668,4042400,,590.429,70.132,2079510,,1072.286,36.078,,,,,840,,,
2022-05-17,4477513,754,631.143,77.681,4043102,702,594.857,70.144,2080431,921,1108.286,36.094,,,,,846,,,
2022-05-18,4478228,715,637.571,77.693,4043731,629,594,70.155,2081606,1175,1090.429,36.114,,,,,848,,,
2022-05-19,4478767,539,619.571,77.703,4044223,492,564.143,70.164,2082550,944,1029.714,36.13,,,,,857,,,
2022-05-20,4479404,637,606.286,77.714,4044772,549,550,70.173,2083768,1218,1039.286,36.152,,,,,858,,,
2022-05-21,,,,,,,,,,,,,,,,,859,,,
2022-05-22,,,,,,,,,,,,,,,,,860,,,
2022-05-23,4481492,,676.143,77.75,4046559,,594.143,70.204,2088678,,1309.714,36.237,,,,,864,,,
2022-05-24,4481868,376,622.143,77.757,4046941,382,548.429,70.211,2089586,908,1307.857,36.253,,,,,866,,,
2022-05-25,4482753,885,646.429,77.772,4047646,705,559.286,70.223,2091068,1482,1351.714,36.278,,,,,868,,,
2022-05-26,4483491,738,674.857,77.785,4048355,709,590.286,70.235,2092805,1737,1465,36.308,,,,,869,,,
2022-05-27,4484135,644,675.857,77.796,4049118,763,620.857,70.249,2094472,1667,1529.143,36.337,,,,,872,,,
2022-05-28,,,,,,,,,,,,,,,,,873,,,
2022-05-29,,,,,,,,,,,,,,,,,876,,,
2022-05-30,4485929,,633.857,77.827,4050876,,616.714,70.279,2099806,,1589.714,36.43,,,,,878,,,
2022-05-31,4486092,163,603.429,77.83,4050996,120,579.286,70.281,2100363,557,1539.571,36.439,,,,,883,,,
2022-06-01,4486818,726,580.714,77.842,4051561,565,559.286,70.291,2101291,928,1460.429,36.456,,,,,889,,,
2022-06-02,4487455,637,566.286,77.853,4052149,588,542,70.301,2102973,1682,1452.571,36.485,,,,,892,,,
2022-06-03,4488116,661,568.714,77.865,4052629,480,501.571,70.31,2104302,1329,1404.286,36.508,,,,,911,,,
2022-06-04,,,,,,,,,,,,,,,,,913,,,
2022-06-05,,,,,,,,,,,,,,,,,913,,,
2022-06-06,4490239,,615.714,77.902,4054527,,521.571,70.343,2107508,,1100.286,36.563,,,,,919,,,
2022-06-07,4491090,851,714,77.917,4055242,715,606.571,70.355,2109552,2044,1312.714,36.599,,,,,924,,,
2022-06-08,4491884,794,723.714,77.93,4055863,621,614.571,70.366,2111163,1611,1410.286,36.627,,,,,926,,,
2022-06-09,4492482,598,718.143,77.941,4056448,585,614.143,70.376,2112704,1541,1390.143,36.654,,,,,929,,,
2022-06-10,,,,,,,,,,,,,,,,,930,,,
2022-06-11,,,,,,,,,,,,,,,,,930,,,
2022-06-12,,,,,,,,,,,,,,,,,933,,,
2022-06-13,4494886,,663.857,77.982,4058540,,573.286,70.412,2118823,,1616.429,36.76,,,,,936,,,
2022-06-14,4495721,835,661.571,77.997,4059169,629,561,70.423,2120702,1879,1592.857,36.792,,,,,938,,,
2022-06-15,4496177,456,613.286,78.005,4059608,439,535,70.431,2121874,1172,1530.143,36.813,,,,,939,,,
2022-06-16,4496785,608,614.714,78.015,4060130,522,526,70.44,2123316,1442,1516,36.838,,,,,941,,,
2022-06-17,4497157,372,,78.022,4060512,382,,70.446,2124297,981,,36.855,,,,,947,,,
2022-06-18,,,,,,,,,,,,,,,,,947,,,
2022-06-19,,,,,,,,,,,,,,,,,947,,,
2022-06-20,4499030,,592,78.054,4062069,,504.143,70.473,2128648,,1403.571,36.93,,,,,949,,,
2022-06-21,4499345,315,517.714,78.06,4062370,301,457.286,70.479,2129395,747,1241.857,36.943,,,,,949,,,
2022-06-22,4500008,663,547.286,78.071,4062873,503,466.429,70.487,2130751,1356,1268.143,36.967,,,,,952,,,
2022-06-23,4500923,915,591.143,78.087,4063463,590,476.143,70.498,2132273,1522,1279.571,36.993,,,,,955,,,
2022-06-24,4502013,1090,693.714,78.106,4063957,494,492.143,70.506,2133601,1328,1329.143,37.016,,,,,955,,,
2022-06-25,,,,,,,,,,,,,,,,,956,,,
2022-06-26,,,,,,,,,,,,,,,,,957,,,
2022-06-27,4508869,,1405.571,78.225,4062121,,,70.474,2136769,,1160.143,37.071,,,,,960,,,
2022-06-28,4510813,1944,1638.286,78.259,4063170,1049,,70.492,2137596,827,1171.571,37.085,,,,,962,,,
2022-06-29,4512193,1380,1740.714,78.283,4063660,490,,70.501,2138630,1034,1125.571,37.103,,,,,966,,,
2022-06-30,4514083,1890,1880,78.315,4064211,551,,70.511,2139957,1327,1097.714,37.126,,,,,975,,,
2022-07-01,4517077,2994,2152,78.367,4064812,601,,70.521,2141385,1428,1112,37.151,,,,,987,,,
2022-07-02,,,,,,,,,,,,,,,,,988,,,
2022-07-03,,,,,,,,,,,,,,,,,989,,,
2022-07-04,4520637,,1681.143,78.429,4065880,,537,70.54,2144212,,1063.286,37.2,,,,,989,,,
2022-07-05,4520760,123,1421,78.431,4065955,75,397.857,70.541,2144367,155,967.286,37.203,,,,,992,,,
2022-07-06,4521821,1061,1375.429,78.45,4066608,653,421.143,70.552,2145190,823,937.143,37.217,,,,,998,,,
2022-07-07,4523101,1280,1288.286,78.472,4067220,612,429.857,70.563,2146408,1218,921.571,37.238,,,,,999,,,
2022-07-08,4524438,1337,1051.571,78.495,4067776,556,423.429,70.572,2147471,1063,869.429,37.257,,,,,1003,,,
2022-07-09,,,,,,,,,,,,,,,,,1006,,,
2022-07-10,,,,,,,,,,,,,,,,,1008,,,
2022-07-11,4528091,,1064.857,78.558,4069366,,498,70.6,2150502,,898.571,37.309,,,,,1010,,,
2022-07-12,4528862,771,1157.429,78.572,4069774,408,545.571,70.607,2151261,759,984.857,37.323,,,,,1014,,,
2022-07-13,4529777,915,1136.571,78.588,4070309,535,528.714,70.616,2152302,1041,1016,37.341,,,,,1017,,,
2022-07-14,4530995,1218,1127.714,78.609,4070873,564,521.857,70.626,2153422,1120,1002,37.36,,,,,1022,,,
2022-07-15,4532277,1282,1119.857,78.631,4071558,685,540.286,70.638,2154893,1471,1060.286,37.386,,,,,1024,,,
2022-07-16,,,,,,,,,,,,,,,,,1027,,,
2022-07-17,,,,,,,,,,,,,,,,,1028,,,
2022-07-18,4535754,,1094.714,78.691,4073652,,612.286,70.674,2158314,,1116,37.445,,,,,1028,,,
2022-07-19,4536383,629,1074.429,78.702,4074108,456,619.143,70.682,2158955,641,1099.143,37.456,,,,,1032,,,
2022-07-20,4537883,1500,1158,78.728,4075959,1851,807.143,70.714,2160129,1174,1118.143,37.476,,,,,1034,,,
2022-07-21,4539062,1179,1152.429,78.749,4076880,921,858.143,70.73,2161423,1294,1143,37.499,,,,,1037,,,
2022-07-22,4540100,1038,1117.571,78.767,4077763,883,886.429,70.746,2162333,910,1062.857,37.515,,,,,1042,,,
2022-07-23,,,,,,,,,,,,,,,,,1045,,,
2022-07-24,,,,,,,,,,,,,,,,,1046,,,
2022-07-25,4543718,,1137.714,78.83,4081700,,1149.714,70.814,2166195,,1125.857,37.582,,,,,1050,,,
2022-07-26,4544696,978,1187.571,78.847,4082852,1152,1249.143,70.834,2166439,244,1069.143,37.586,,,,,1061,,,
2022-07-27,4545727,1031,1120.571,78.864,4083730,878,1110.143,70.849,2167723,1284,1084.857,37.608,,,,,1068,,,
2022-07-28,4547797,2070,1247.857,78.9,4085706,1976,1260.857,70.883,2169780,2057,1193.857,37.644,,,,,1074,,,
2022-07-29,4549690,1893,1370,78.933,4087399,1693,1376.571,70.913,2171280,1500,1278.143,37.67,,,,,1080,,,
2022-07-30,,,,,,,,,,,,,,,,,1080,,,
2022-07-31,,,,,,,,,,,,,,,,,1081,,,
2022-08-01,4551525,,1115.286,78.965,4089340,,1091.429,70.947,2173746,,1078.714,37.713,,,,,1110,,,
2022-08-02,4552542,1017,1120.857,78.983,4090298,958,1063.714,70.963,2174980,1234,1220.143,37.734,,,,,1112,,,
2022-08-03,4553541,999,1116.286,79,4091296,998,1080.857,70.98,2176310,1330,1226.714,37.757,,,,,1117,,,
2022-08-04,4554897,1356,1014.286,79.024,4092544,1248,976.857,71.002,2177556,1246,1110.857,37.779,,,,,1122,,,
2022-08-05,4556404,1507,959.143,79.05,4094103,1559,957.714,71.029,2178924,1368,1092,37.802,,,,,1126,,,
2022-08-06,,,,,,,,,,,,,,,,,1128,,,
2022-08-07,,,,,,,,,,,,,,,,,1129,,,
2022-08-08,4558691,,1023.714,79.089,4096731,,1055.857,71.075,2181697,,1135.857,37.851,,,,,1133,,,
2022-08-09,4559516,825,996.286,79.104,4097549,818,1035.857,71.089,2182763,1066,1111.857,37.869,,,,,1138,,,
2022-08-10,4560913,1397,1053.143,79.128,4098730,1181,1062,71.109,2183943,1180,1090.429,37.89,,,,,1142,,,
2022-08-11,4562034,1121,1019.571,79.147,4099930,1200,1055.143,71.13,2185314,1371,1108.286,37.913,,,,,1149,,,
2022-08-12,4563009,975,943.571,79.164,4101065,1135,994.571,71.15,2186497,1183,1081.857,37.934,,,,,1156,,,
2022-08-13,,,,,,,,,,,,,,,,,1161,,,
2022-08-14,,,,,,,,,,,,,,,,,1163,,,
2022-08-15,4564558,,838.143,79.191,4102567,,833.714,71.176,2188443,,963.714,37.968,,,,,1173,,,
2022-08-16,4565349,791,833.286,79.205,4103350,783,828.714,71.19,2189419,976,950.857,37.985,,,,,1185,,,
2022-08-17,4566931,1582,859.714,79.232,4106559,3209,1118.429,71.245,2190546,1127,943.286,38.004,,,,,1190,,,
2022-08-18,4567794,863,822.857,79.247,4107567,1008,1091,71.263,2191435,889,874.429,38.02,,,,,1191,,,
2022-08-19,4568712,918,814.714,79.263,4108455,888,1055.714,71.278,2192352,917,836.429,38.035,,,,,1193,,,
2022-08-20,,,,,,,,,,,,,,,,,1196,,,
2022-08-21,,,,,,,,,,,,,,,,,1197,,,
2022-08-22,4570106,,792.571,79.287,4110085,,1074,71.306,2193697,,750.571,38.059,,,,,1203,,,
2022-08-23,4571031,925,811.714,79.303,4111312,1227,1137.429,71.328,2194472,775,721.857,38.072,,,,,1205,,,
2022-08-24,4572161,1130,747.143,79.323,4112425,1113,838,71.347,2195184,712,662.571,38.085,,,,,1207,,,
2022-08-25,4573112,951,759.714,79.34,4113391,966,832,71.364,2196004,820,652.714,38.099,,,,,1208,,,
2022-08-26,4573840,728,732.571,79.352,4114244,853,827,71.379,2196702,698,621.429,38.111,,,,,1210,,,
2022-08-27,,,,,,,,,,,,,,,,,1212,,,
2022-08-28,,,,,,,,,,,,,,,,,1215,,,
2022-08-29,4574992,,698,79.372,4115612,,789.571,71.402,2197961,,609.143,38.133,,,,,1218,,,
2022-08-30,4575651,659,660,79.384,4116247,635,705,71.413,2198493,532,574.429,38.142,,,,,1226,,,
2022-08-31,4576642,991,640.143,79.401,4117174,927,678.429,71.429,2199150,657,566.571,38.153,,,,,1241,,,
2022-09-01,4577363,721,607.286,79.413,4117978,804,655.286,71.443,2199743,593,534.143,38.164,,,,,1537,296,47,0.027
2022-09-02,4577869,506,575.571,79.422,4118555,577,615.857,71.453,,,,,,,,,1756,219,78,0.03
2022-09-03,,,,,,,,,,,,,,,,,2077,321,123.571,0.036
2022-09-04,,,,,,,,,,,,,,,,,2324,247,158.429,0.04
2022-09-05,4578633,,520.143,79.435,4119499,,555.286,71.47,,,,,,,,,2456,132,176.857,0.043
2022-09-06,4578672,39,431.571,79.436,4119563,64,473.714,71.471,2200532,,,38.177,,,,,4323,1867,442.429,0.075
2022-09-07,4580168,1496,503.714,79.462,4121079,1516,557.857,71.497,2200737,205,,38.181,,,,,10595,6272,1336.286,0.184
2022-09-08,4580950,782,512.429,79.476,4122045,966,581,71.514,2201263,526,,38.19,,,,,18461,7866,2417.714,0.32
2022-09-09,4581865,915,570.857,79.491,4122905,860,621.429,71.529,2202112,849,,38.205,,,,,28773,10312,3859.571,0.499
2022-09-10,,,,,,,,,,,,,,,,,36793,8020,4959.429,0.638
2022-09-11,,,,,,,,,,,,,,,,,39747,2954,5346.143,0.69
2022-09-12,4584163,,790,79.531,4124794,,756.429,71.562,2204636,,,38.249,,,,,49477,9730,6717.286,0.858
2022-09-13,4585056,893,912,79.547,4125527,733,852,71.574,2205603,967,724.429,38.265,,,,,60559,11082,8033.714,1.051
2022-09-14,4585584,528,773.714,79.556,4126067,540,712.571,71.584,2206023,420,755.143,38.273,,,,,71739,11180,8734.857,1.245
2022-09-15,4586795,1211,835,79.577,4127070,1003,717.857,71.601,2207378,1355,873.571,38.296,,,,,82429,10690,9138.286,1.43
2022-09-16,4588241,1446,910.857,79.602,4128366,1296,780.143,71.624,2209235,1857,1017.571,38.328,,,,,95025,12596,9464.571,1.649
2022-09-17,,,,,,,,,,,,,,,,,105536,10511,9820.429,1.831
2022-09-18,,,,,,,,,,,,,,,,,108348,2812,9800.143,1.88
2022-09-19,4590588,,917.857,79.643,4130383,,798.429,71.659,2212360,,1103.429,38.383,,,,,118946,10598,9924.143,2.064
2022-09-20,4591053,465,856.714,79.651,4130790,407,751.857,71.666,2212935,575,1047.429,38.393,,,,,131471,12525,10130.286,2.281
2022-09-21,4592269,1216,955,79.672,4131828,1038,823,71.684,2214318,1383,1185,38.417,,,,,144219,12748,10354.286,2.502
2022-09-22,4593143,874,906.857,79.687,4132571,743,785.857,71.697,2215326,1008,1135.429,38.434,,,,,156739,12520,10615.714,2.719
2022-09-23,4594157,1014,845.143,79.705,4133385,814,717,71.711,2216651,1325,1059.429,38.457,,,,,171282,14543,10893.857,2.972
2022-09-24,,,,,,,,,,,,,,,,,180454,9172,10702.571,3.131
2022-09-25,,,,,,,,,,,,,,,,,183838,3384,10784.286,3.189
2022-09-26,4597097,,929.857,79.756,4135745,,766,71.752,2221062,,1243.143,38.534,,,,,196238,12400,11041.714,3.405
2022-09-27,4597846,749,970.429,79.769,4136270,525,782.857,71.761,2222170,1108,1319.286,38.553,,,,,210195,13957,11246.286,3.647
2022-09-28,4599076,1230,972.429,79.79,4137133,863,757.857,71.776,2223360,1190,1291.714,38.573,,,,,224173,13978,11422,3.889
2022-09-29,4600240,1164,1013.857,79.81,4138021,888,778.571,71.791,2224939,1579,1373.286,38.601,,,,,238534,14361,11685,4.138
2022-09-30,4601310,1070,1021.857,79.829,4138915,894,790,71.807,2226710,1771,1437,38.631,,,,,254252,15718,11852.857,4.411
2022-10-01,,,,,,,,,,,,,,,,,269016,14764,12651.714,4.667
2022-10-02,,,,,,,,,,,,,,,,,272268,3252,12632.857,4.724
2022-10-03,4603236,,877,79.862,4140493,,678.286,71.834,2229826,,1252,38.686,,,,,285271,13003,12719,4.949
2022-10-04,4604314,1078,924,79.881,4141246,753,710.857,71.847,2231428,1602,1322.571,38.713,,,,,299816,14545,12803,5.202
2022-10-05,4605347,1033,895.857,79.899,4141994,748,694.429,71.86,2232891,1463,1361.571,38.739,,,,,315274,15458,13014.429,5.47
2022-10-06,4606941,1594,957.286,79.926,4143163,1169,734.571,71.88,2234418,1527,1354.143,38.765,,,,,330364,15090,13118.571,5.732
2022-10-07,4607981,1040,953,79.944,4143979,816,723.429,71.894,2236071,1653,1337.286,38.794,,,,,346719,16355,13209.571,6.015
2022-10-08,,,,,,,,,,,,,,,,,361757,15038,13248.714,6.276
2022-10-09,,,,,,,,,,,,,,,,,365356,3599,13298.286,6.339
2022-10-10,4610459,,1031.857,79.987,4145844,,764.429,71.927,2239997,,1453,38.862,,,,,378789,13433,13359.714,6.572
2022-10-11,4435772,,,76.957,4044227,,,70.164,2258033,,,39.175,722345,,,12.532,393699,14910,13411.857,6.83
2022-10-12,4436711,939,,76.973,4045035,808,,70.178,2259643,1610,,39.203,728899,6554,,12.646,408779,15080,13357.857,7.092
2022-10-13,4437362,651,,76.984,4045594,559,,70.188,2260900,1257,,39.225,734196,5297,,12.738,423858,15079,13356.286,7.354
2022-10-14,4438772,,,77.009,4049947,,,70.263,2264928,,,39.295,741526,7330,,12.865,440794,16936,13439.286,7.647
2022-10-15,,,,,,,,,,,,,,,,,454802,14008,13292.143,7.89
2022-10-16,,,,,,,,,,,,,,,,,458308,3506,13278.857,7.951
2022-10-17,4440827,,,77.045,4051548,,,70.291,2268355,,,39.354,758233,,,13.155,472022,13714,13319,8.189
2022-10-18,4441515,688,,77.056,4052064,516,,70.3,2269462,1107,,39.373,763795,5562,5921.429,13.251,488172,16150,13496.143,8.469
2022-10-19,4442720,1205,,77.077,4052912,848,,70.315,2271009,1547,,39.4,770630,6835,5961.571,13.37,504261,16089,13640.286,8.748
2022-10-20,4443559,839,,77.092,4053565,653,,70.326,2272295,1286,,39.422,776529,5899,6047.571,13.472,520652,16391,13827.714,9.033
2022-10-21,4444183,624,773,77.103,4054047,482,585.714,70.334,2273285,990,1193.857,39.44,780237,3708,5530.143,13.536,537937,17285,13877.571,9.333
2022-10-22,,,,,,,,,,,,,,,,,551451,13514,13807,9.567
2022-10-23,,,,,,,,,,,,,,,,,555072,3621,13823.429,9.63
2022-10-24,4447633,,972.286,77.163,4056777,,747,70.382,2279661,,1615.143,39.55,808081,,7121.143,14.02,569237,14165,13887.857,9.876
2022-10-25,4448349,716,976.286,77.175,4057295,518,747.286,70.391,2281179,1518,1673.857,39.576,812164,4083,6909.857,14.09,585499,16262,13903.857,10.158
2022-10-26,4448944,595,889.143,77.185,4057753,458,691.571,70.399,2282400,1221,1627.286,39.598,817135,4971,6643.571,14.177,601556,16057,13899.286,10.436
2022-10-27,4449694,750,876.429,77.198,4058331,578,680.857,70.409,2284048,1648,1679,39.626,823412,6277,6697.571,14.285,616832,15276,13740,10.702
2022-10-28,4450823,1129,948.571,77.218,4059154,823,729.571,70.423,2285818,1770,1790.429,39.657,828556,5144,6902.714,14.375,633726,16894,13684.143,10.995
2022-10-29,,,,,,,,,,,,,,,,,645823,12097,13481.714,11.204
2022-10-30,,,,,,,,,,,,,,,,,649092,3269,13431.429,11.261
2022-10-31,4453327,,813.429,77.261,4061051,,610.571,70.456,2291329,,1666.857,39.753,853482,,6485.857,14.807,660831,11739,13084.857,11.465
2022-11-01,4454007,680,808.286,77.273,4061569,518,610.571,70.465,2292550,1221,1624.429,39.774,858179,4697,6573.571,14.889,674154,13323,12665,11.696
2022-11-02,4455368,1361,917.714,77.297,4062552,983,685.571,70.482,2294607,2057,1743.857,39.809,864975,6796,6834.286,15.007,687569,13415,12287.571,11.929
2022-11-03,4456018,650,903.429,77.308,4063037,485,672.286,70.49,2295995,1388,1706.714,39.834,870639,5664,6746.714,15.105,701014,13445,12026,12.162
2022-11-04,4456620,602,828.143,77.319,4063494,457,620,70.498,2297258,1263,1634.286,39.855,875105,4466,6649.857,15.182,716543,15529,11831,12.431
2022-11-05,,,,,,,,,,,,,,,,,725580,9037,11393.857,12.588
2022-11-06,,,,,,,,,,,,,,,,,729134,3554,11434.571,12.65
2022-11-07,4459330,,857.571,77.366,4065403,,621.714,70.531,2302488,,1594.143,39.946,895616,,6019.143,15.538,741579,12445,11535.429,12.866
2022-11-08,4460182,852,882.143,77.38,4065978,575,629.857,70.541,2304056,1568,1643.714,39.973,901309,5693,6161.429,15.637,753514,11935,11337.143,13.073
2022-11-09,4460690,508,760.286,77.389,4066358,380,543.714,70.548,2305131,1075,1503.429,39.992,905785,4476,5830,15.715,764831,11317,11037.429,13.269
2022-11-10,4461092,402,724.857,77.396,4066679,321,520.286,70.553,2305823,692,1404,40.004,908069,2284,5347.143,15.754,777059,12228,10863.571,13.481
2022-11-11,4461729,637,729.857,77.407,4067177,498,526.143,70.562,2307070,1247,1401.714,40.026,912620,4551,5359.286,15.833,791554,14495,10715.857,13.733
2022-11-12,,,,,,,,,,,,,,,,,799113,7559,10504.714,13.864
2022-11-13,,,,,,,,,,,,,,,,,802329,3216,10456.429,13.92
2022-11-14,4465107,,825.286,77.466,4069609,,600.857,70.604,2313649,,1594.429,40.14,937070,,5922,16.257,813382,11053,10257.571,14.111
2022-11-15,4465801,694,802.714,77.478,4070112,503,590.571,70.613,2314972,1323,1559.429,40.163,942002,4932,5813.286,16.343,824034,10652,10074.286,14.296
2022-11-16,4466413,612,817.571,77.488,4070614,502,608,70.622,2316116,1144,1569.286,40.183,946054,4052,5752.714,16.413,834567,10533,9962.286,14.479
2022-11-17,4467464,1051,910.286,77.507,4071406,792,675.286,70.635,2318067,1951,1749.143,40.216,952466,6412,6342.429,16.524,844214,9647,9593.571,14.646
2022-11-18,4468455,991,960.857,77.524,4072143,737,709.429,70.648,2319974,1907,1843.429,40.25,959173,6707,6650.429,16.641,855321,11107,9109.571,14.839
2022-11-19,,,,,,,,,,,,,,,,,861603,6282,8927.143,14.948
2022-11-20,,,,,,,,,,,,,,,,,864539,2936,8887.143,14.999
2022-11-21,4469891,,683.429,77.549,4073185,,510.857,70.666,2323136,,1355.286,40.304,971250,,4882.857,16.85,874020,9481,8662.571,15.163
2022-11-22,4470816,925,716.429,77.565,4073942,757,547.143,70.679,2324875,1739,1414.714,40.335,976204,4954,4886,16.936,883094,9074,8437.143,15.321
2022-11-23,4471605,789,741.714,77.578,4074561,619,563.857,70.69,2326608,1733,1498.857,40.365,981875,5671,5117.286,17.035,889866,6772,7899.857,15.438
2022-11-24,4472285,680,688.714,77.59,4075070,509,523.429,70.699,2328042,1434,1425,40.39,986329,4454,4837.571,17.112,889924,58,6530,15.439
2022-11-25,4472438,153,569,77.593,4075187,117,434.857,70.701,2328307,265,1190.429,40.394,987293,964,4017.143,17.129,895956,6032,5805,15.544
2022-11-26,,,,,,,,,,,,,,,,,899311,3355,5386.857,15.602
2022-11-27,,,,,,,,,,,,,,,,,901360,2049,5260.143,15.638
2022-11-28,4473069,,454,77.604,4075640,,350.714,70.709,2329754,,945.429,40.419,992697,,3063.857,17.222,908089,6729,4867,15.755
2022-11-29,4473751,682,419.286,77.616,4076159,519,316.714,70.718,2330949,1195,867.714,40.44,996286,3589,2868.857,17.285,913554,5465,4351.429,15.849
2022-11-30,4474485,734,411.429,77.628,4076779,620,316.857,70.729,2332116,1167,786.857,40.46,999666,3380,2541.571,17.343,920672,7118,4400.857,15.973
2022-12-01,4475148,663,409,77.64,4077364,585,327.714,70.739,2333300,1184,751.143,40.481,1002807,3141,2354,17.398,927712,7040,5398.286,16.095
2022-12-02,4475836,688,485.429,77.652,4078015,651,404,70.75,2249943,,,39.035,1005422,2615,2589.857,17.443,936210,8498,5750.571,16.242
2022-12-03,,,,,,,,,,,,,,,,,940502,4292,5884.429,16.317
2022-12-04,,,,,,,,,,,,,,,,,942340,1838,5854.286,16.349
2022-12-05,4477511,,634.571,77.681,4079301,,523,70.772,2253221,,,39.091,1014723,,3146.571,17.605,948749,6409,5808.571,16.46
2022-12-06,4478067,556,616.571,77.691,4079729,428,510,70.78,2254297,1076,,39.11,1017398,2675,3016,17.651,955475,6726,5988.714,16.577
2022-12-07,4478855,788,624.286,77.704,4080334,605,507.857,70.79,2255632,1335,,39.133,1021046,3648,3054.286,17.714,961921,6446,5892.714,16.688
2022-12-08,4479634,779,640.857,77.718,4080853,519,498.429,70.799,2257071,1439,,39.158,1024485,3439,3096.857,17.774,968645,6724,5847.571,16.805
2022-12-09,4480387,753,650.143,77.731,4081415,562,485.714,70.809,2258370,1299,1203.857,39.181,1027657,3172,3176.429,17.829,976618,7973,5772.571,16.943
2022-12-10,,,,,,,,,,,,,,,,,980707,4089,5743.571,17.014
2022-12-11,,,,,,,,,,,,,,,,,982665,1958,5760.714,17.048
2022-12-12,4481824,,616.143,77.756,4082471,,452.857,70.827,2261225,,1143.429,39.23,1036232,,3072.714,17.978,989058,6393,5758.429,17.159
2022-12-13,4482392,568,617.857,77.766,4082882,411,450.429,70.834,2262238,1013,1134.429,39.248,1038947,2715,3078.429,18.025,994883,5825,5629.714,17.26
2022-12-14,4483112,720,608.143,77.778,4083406,524,438.857,70.844,2263547,1309,1130.714,39.271,1042314,3367,3038.286,18.083,1000320,5437,5485.571,17.355
2022-12-15,4483926,814,613.143,77.792,4084043,637,455.714,70.855,2264851,1304,1111.429,39.293,1045319,3005,2976.286,18.135,1006130,5810,5355,17.455
2022-12-16,4484589,663,600.286,77.804,4084559,516,449.143,70.864,2266130,1279,1108.571,39.315,1048489,3170,2976,18.19,1012998,6868,5197.143,17.575
2022-12-17,,,,,,,,,,,,,,,,,1016400,3402,5099,17.634
2022-12-18,,,,,,,,,,,,,,,,,1018053,1653,5055.429,17.662
2022-12-19,4485841,,573.857,77.825,4085471,,428.571,70.879,2268608,,1054.714,39.358,1055604,,2767.429,18.314,1023893,5840,4976.429,17.764
2022-12-20,4486462,621,581.429,77.836,4085926,455,434.857,70.887,2269817,1209,1082.714,39.379,1058388,2784,2777.286,18.362,1028931,5038,4864,17.851
2022-12-21,4487072,610,565.714,77.847,4086450,524,434.857,70.896,2270986,1169,1062.714,39.4,1061363,2975,2721.286,18.414,1033678,4747,4765.429,17.933
2022-12-22,4487752,680,546.571,77.859,4086978,528,419.286,70.906,2272123,1137,1038.857,39.419,1064089,2726,2681.429,18.461,1036295,2617,4309.286,17.979
2022-12-23,4488247,495,522.571,77.867,4087321,343,394.571,70.911,2273057,934,989.571,39.436,1066192,2103,2529,18.498,1039096,2801,3728.286,18.027
2022-12-24,,,,,,,,,,,,,,,,,1039567,471,3309.571,18.036
2022-12-25,,,,,,,,,,,,,,,,,1039573,6,3074.286,18.036
2022-12-26,4488839,,428.286,77.877,4087737,,323.714,70.919,2274164,,793.714,39.455,1068735,,1875.857,18.542,1041532,1959,2519.857,18.07
2022-12-27,4489108,269,378,77.882,4087968,231,291.714,70.923,2274501,337,669.143,39.461,1069386,651,1571.143,18.553,1045397,3865,2352.286,18.137
2022-12-28,4489638,530,366.571,77.891,4088388,420,276.857,70.93,2275410,909,632,39.476,1071343,1957,1425.714,18.587,1049323,3926,2235,18.205
2022-12-29,4490217,579,352.143,77.901,4088829,441,264.429,70.938,2276487,1077,623.429,39.495,1073638,2295,1364.143,18.627,1052368,3045,2296.143,18.258
2022-12-30,4490720,503,353.286,77.91,4089176,347,265,70.944,2277434,947,625.286,39.512,1075777,2139,1369.286,18.664,1056005,3637,2415.571,18.321
2022-12-31,,,,,,,,,,,,,,,,,1056909,904,2477.429,18.336
2023-01-01,,,,,,,,,,,,,,,,,1057045,136,2496,18.339
2023-01-02,4494482,,806.143,77.975,4091791,,579.143,70.989,2279085,,703,39.54,1078938,,1457.571,18.719,1058725,1680,2456.143,18.368
2023-01-03,4491581,,,77.925,4089797,,,70.954,2279046,,,39.539,1079365,427,1425.571,18.726,1061941,3216,2363.429,18.424
2023-01-04,4492119,538,,77.934,4090271,474,,70.963,2279936,890,,39.555,1081101,1736,1394,18.756,1065273,3332,2278.571,18.482
2023-01-05,4492702,583,,77.944,4090733,462,,70.971,2280829,893,,39.57,1082928,1827,1327.143,18.788,1068723,3450,2336.429,18.541
2023-01-06,4493377,675,,77.956,4091266,533,,70.98,2281892,1063,,39.589,1085056,2128,1325.571,18.825,1073121,4398,2445.143,18.618
2023-01-07,,,,,,,,,,,,,,,,,1075069,1948,2594.286,18.652
2023-01-08,,,,,,,,,,,,,,,,,1075923,854,2696.857,18.666
2023-01-09,4494447,,,77.975,4092055,,,70.994,2283546,,,39.618,1089204,,1466.571,18.897,1079114,3191,2912.714,18.722
2023-01-10,4494990,543,487,77.984,4092458,403,380.143,71.001,2284287,741,748.714,39.63,1090661,1457,1613.714,18.922,1082202,3088,2894.429,18.775
2023-01-11,4495522,532,486.143,77.993,4092927,469,379.429,71.009,2285080,793,734.857,39.644,1092273,1612,1596,18.95,1084956,2754,2811.857,18.823
2023-01-12,4496105,583,486.143,78.004,4093454,527,388.714,71.018,2285916,836,726.714,39.659,1093783,1510,1550.714,18.976,1087892,2936,2738.429,18.874
2023-01-13,4496655,550,468.286,78.013,4093877,423,373,71.025,2286689,773,685.286,39.672,1095138,1355,1440.286,19,1091563,3671,2634.571,18.938
2023-01-14,,,,,,,,,,,,,,,,,1093160,1597,2584.429,18.965
2023-01-15,,,,,,,,,,,,,,,,,1093835,675,2558.857,18.977
2023-01-16,4497431,,426.286,78.027,4094479,,346.286,71.036,2288134,,655.429,39.697,1098506,,1328.857,19.058,1095319,1484,2315,19.003
2023-01-17,4497874,443,412,78.034,4094828,349,338.571,71.042,2288869,735,654.571,39.71,1099944,1438,1326.143,19.083,1097517,2198,2187.857,19.041
2023-01-18,4498319,445,399.571,78.042,4095231,403,329.143,71.049,2289615,746,647.857,39.723,1101090,1146,1259.571,19.103,1098694,1177,1962.571,19.061
2023-01-19,4498669,350,366.286,78.048,4095493,262,291.286,71.053,2290048,433,590.286,39.73,1101851,761,1152.571,19.116,1100586,1892,1813.429,19.094
2023-01-20,4499196,527,363,78.057,4095869,376,284.571,71.06,2290668,620,568.429,39.741,1102782,931,1092,19.132,1103108,2522,1649.286,19.138
2023-01-21,,,,,,,,,,,,,,,,,1103965,857,1543.571,19.153
2023-01-22,,,,,,,,,,,,,,,,,1104360,395,1503.571,19.16
2023-01-23,4499919,,355.429,78.07,4096380,,271.571,71.069,2291666,,504.571,39.758,1104791,,897.857,19.167,1106372,2012,1579,19.195
2023-01-24,4500392,473,359.714,78.078,4096896,516,295.429,71.078,2292453,787,512,39.772,1105896,1105,850.286,19.186,1108466,2094,1564.143,19.231
2023-01-25,4500820,428,357.286,78.085,4097274,378,291.857,71.084,2293093,640,496.857,39.783,1106916,1020,832.286,19.204,1110368,1902,1667.714,19.264
2023-01-26,4501220,400,364.429,78.092,4097604,330,301.571,71.09,2293688,595,520,39.794,1107849,933,856.857,19.22,1112391,2023,1686.429,19.299
2023-01-27,4501665,445,352.714,78.1,4097955,351,298,71.096,2294307,619,519.857,39.804,1108831,982,864.143,19.237,1114794,2403,1669.429,19.341
2023-01-28,,,,,,,,,,,,,,,,,1115621,827,1665.143,19.355
2023-01-29,,,,,,,,,,,,,,,,,1115937,316,1653.857,19.361
2023-01-30,4502726,,401,78.118,4098842,,351.714,71.111,2295737,,581.571,39.829,1111953,,1023.143,19.291,1117491,1554,1588.429,19.388
2023-01-31,4503109,383,388.143,78.125,4099186,344,327.143,71.117,2296268,531,545,39.838,1112732,779,976.571,19.305,1119137,1646,1524.429,19.416
2023-02-01,4503619,510,399.857,78.134,4099671,485,342.429,71.126,2296799,531,529.429,39.847,1113683,951,966.714,19.321,1120840,1703,1496,19.446
2023-02-02,4504040,421,402.857,78.141,4100019,348,345,71.132,2297343,544,522.143,39.857,1114571,888,960.286,19.337,1122471,1631,1440,19.474
2023-02-03,4504427,387,394.571,78.148,4100368,349,344.714,71.138,2297863,520,508,39.866,1115495,924,952,19.353,1124305,1834,1358.714,19.506
2023-02-04,,,,,,,,,,,,,,,,,1124986,681,1337.857,19.518
2023-02-05,,,,,,,,,,,,,,,,,1125341,355,1343.429,19.524
2023-02-06,4505277,,364.429,78.163,4100954,,301.714,71.148,2298834,,442.429,39.883,1117120,,738.143,19.381,1126944,1603,1350.429,19.552
2023-02-07,4505648,371,362.714,78.169,4101243,289,293.857,71.153,2299357,523,441.286,39.892,1117889,769,736.714,19.394,1128475,1531,1334,19.578
2023-02-08,4505873,225,322,78.173,4101418,175,249.571,71.156,2299612,255,401.857,39.896,1118363,474,668.571,19.403,1129938,1463,1299.714,19.603
2023-02-09,4506416,543,339.429,78.182,4101841,423,260.286,71.163,2300413,801,438.571,39.91,1119416,1053,692.143,19.421,1131465,1527,1284.857,19.63
2023-02-10,4506797,381,338.571,78.189,4102201,360,261.857,71.17,2301015,602,450.286,39.921,1120148,732,664.714,19.434,1133084,1619,1254.143,19.658
2023-02-11,,,,,,,,,,,,,,,,,1133626,542,1234.286,19.667
2023-02-12,,,,,,,,,,,,,,,,,1133881,255,1220,19.672
2023-02-13,4507434,,308.143,78.2,4102683,,247,71.178,2301738,,414.857,39.933,1121519,,628.429,19.457,1135249,1368,1186.429,19.696
2023-02-14,4507912,478,323.429,78.208,4103099,416,265.143,71.185,2302185,447,404,39.941,1122187,668,614,19.469,1136453,1204,1139.714,19.716
2023-02-15,4508286,374,344.714,78.215,4103357,258,277,71.19,2302628,443,430.857,39.949,1122797,610,633.429,19.48,1137430,977,1070.286,19.733
2023-02-16,4508542,256,303.714,78.219,4103584,227,249,71.194,2303040,412,375.286,39.956,1123273,476,551,19.488,1138617,1187,1021.714,19.754
2023-02-17,4508914,372,302.429,78.226,4103872,288,238.714,71.199,2303519,479,357.714,39.964,1123867,594,531.286,19.498,1140054,1437,995.714,19.779
2023-02-18,,,,,,,,,,,,,,,,,1140472,418,978,19.786
2023-02-19,,,,,,,,,,,,,,,,,1140683,211,971.714,19.79
2023-02-20,4509494,,294.286,78.236,4100714,,0,71.144,2304238,,357.143,39.977,1125006,,498.143,19.518,1141832,1149,940.429,19.81
2023-02-21,4509807,313,270.714,78.241,4100996,282,0,71.149,2304671,433,355.143,39.984,1125548,542,480.143,19.527,1143058,1226,943.571,19.831
2023-02-22,4510116,309,261.429,78.247,4101316,320,0,71.154,2305099,428,353,39.991,1126163,615,480.857,19.538,1143969,911,934.143,19.847
2023-02-23,4510445,329,271.857,78.252,4101576,260,0,71.159,2305507,408,352.429,39.999,1126690,527,488.143,19.547,1145041,1072,917.714,19.865
2023-02-24,4510751,306,262.429,78.258,4101841,265,0,71.163,2305935,428,345.143,40.006,1127238,548,481.571,19.557,1146353,1312,899.857,19.888
2023-02-25,,,,,,,,,,,,,,,,,1146762,409,898.571,19.895
2023-02-26,,,,,,,,,,,,,,,,,1146959,197,896.571,19.899
2023-02-27,4511258,,252,78.266,4102259,,220.714,71.171,2306593,,336.429,40.017,1128266,,465.714,19.574,1148140,1181,901.143,19.919
2023-02-28,4511599,341,256,78.272,4102558,299,223.143,71.176,2307081,488,344.286,40.026,1128821,555,467.571,19.584,1149220,1080,880.286,19.938
2023-03-01,4511979,380,266.143,78.279,4102925,367,229.857,71.182,2307517,436,345.429,40.033,1129431,610,466.857,19.595,1150395,1175,918,19.958
2023-03-02,4512267,288,260.286,78.284,4103198,273,231.714,71.187,2307925,408,345.429,40.041,1129958,527,466.857,19.604,1151555,1160,930.571,19.978
2023-03-03,4512582,315,261.571,78.289,4103470,272,232.714,71.192,2308421,496,355.143,40.049,1130520,562,468.857,19.614,1152888,1333,933.571,20.002
2023-03-04,,,,,,,,,,,,,,,,,1153308,420,935.143,20.009
2023-03-05,,,,,,,,,,,,,,,,,1153512,204,936.143,20.012
2023-03-06,4513151,,270.429,78.299,4103907,,235.429,71.199,2309160,,366.714,40.062,1131545,,468.429,19.631,1154594,1082,922,20.031
2023-03-07,4513441,290,263.143,78.304,4104134,227,225.143,71.203,2309565,405,354.857,40.069,1132047,502,460.857,19.64,1155603,1009,911.857,20.049
2023-03-08,4513692,251,244.714,78.309,4104327,193,200.286,71.207,2309841,276,332,40.074,1132423,376,427.429,19.647,1156683,1080,898.286,20.067
2023-03-09,4514067,375,257.143,78.315,4104664,337,209.429,71.212,2310375,534,350,40.083,1133042,619,440.571,19.657,1157718,1035,880.429,20.085
2023-03-10,4514416,349,262,78.321,4104938,274,209.714,71.217,2310772,397,335.857,40.09,1133531,489,430.143,19.666,1158958,1240,867.143,20.107
2023-03-11,,,,,,,,,,,,,,,,,1159328,370,860,20.113
2023-03-12,,,,,,,,,,,,,,,,,1159479,151,852.429,20.116
2023-03-13,4514994,,263.286,78.331,4105315,,201.143,71.224,2311494,,333.429,40.102,1134459,,416.286,19.682,1160415,936,831.571,20.132
2023-03-14,4515327,333,269.429,78.337,4105599,284,209.286,71.229,2311856,362,327.286,40.109,1134937,478,412.857,19.69,1161480,1065,839.571,20.151
2023-03-15,4515673,346,283,78.343,4105856,257,218.429,71.233,2312275,419,347.714,40.116,1135446,509,431.857,19.699,1162500,1020,831,20.168
2023-03-16,4515952,279,269.286,78.348,4106096,240,204.571,71.237,2312670,395,327.857,40.123,1135951,505,415.571,19.708,1163399,899,811.571,20.184
2023-03-17,4516273,321,265.286,78.353,4106387,291,207,71.242,2313072,402,328.571,40.13,1136480,529,421.286,19.717,1164363,964,772.143,20.201
2023-03-18,,,,,,,,,,,,,,,,,1164668,305,762.857,20.206
2023-03-19,,,,,,,,,,,,,,,,,1164819,151,762.857,20.209
2023-03-20,4516736,,248.857,78.361,4106730,,202.143,71.248,2313601,,301,40.139,1137260,,400.143,19.73,1165722,903,758.143,20.224
2023-03-21,4516967,231,234.286,78.365,4106914,184,187.857,71.251,2313941,340,297.857,40.145,1137690,430,393.286,19.738,1166612,890,733.143,20.24
2023-03-22,4517280,313,229.571,78.371,4107200,286,192,71.256,2314329,388,293.429,40.152,1138159,469,387.571,19.746,1167593,981,727.571,20.257
2023-03-23,4517539,259,226.714,78.375,4107433,233,191,71.26,2314677,348,286.714,40.158,1138635,476,383.429,19.754,1168546,953,735.286,20.273
2023-03-24,4517815,276,220.286,78.38,4107673,240,183.714,71.265,2315158,481,298,40.166,1139349,714,409.857,19.767,1169551,1005,741.143,20.291
2023-03-25,,,,,,,,,,,,,,,,,1169880,329,744.571,20.296
2023-03-26,,,,,,,,,,,,,,,,,1170025,145,743.714,20.299
2023-03-27,4518289,,221.857,78.388,4108016,,183.714,71.271,2315722,,303,40.176,1140134,,410.571,19.78,1170832,807,730,20.313
2023-03-28,4518517,228,221.429,78.392,4108230,214,188,71.274,2316014,292,296.143,40.181,1140490,356,400,19.787,1171704,872,727.429,20.328
2023-03-29,4518831,314,221.571,78.398,4108476,246,182.286,71.279,2316348,334,288.429,40.187,1140903,413,392,19.794,1172688,984,727.857,20.345
2023-03-30,4519228,397,241.286,78.405,4108831,355,199.714,71.285,2317043,695,338,40.199,1142107,1204,496,19.815,1173554,866,715.429,20.36
2023-03-31,4519485,257,238.571,78.409,4109043,212,195.714,71.288,2317384,341,318,40.205,1142500,393,450.143,19.821,1174443,889,698.857,20.376
2023-04-01,,,,,,,,,,,,,,,,,1174730,287,692.857,20.381
2023-04-02,,,,,,,,,,,,,,,,,1174892,162,695.286,20.383
2023-04-03,4519923,,233.429,78.417,4109363,,192.429,71.294,2317945,,317.571,40.214,1143230,,442.286,19.834,1175717,825,697.857,20.398
2023-04-04,4520239,316,246,78.422,4109594,231,194.857,71.298,2318336,391,331.714,40.221,1143684,454,456.286,19.842,1176487,770,683.286,20.411
2023-04-05,4520484,245,236.143,78.426,4109798,204,188.857,71.301,2318685,349,333.857,40.227,1144055,371,450.286,19.848,1177360,873,667.429,20.426
2023-04-06,4520747,263,217,78.431,4110019,221,169.714,71.305,2318998,313,279.286,40.233,1144465,410,336.857,19.855,1178174,814,660,20.44
2023-04-07,4521019,272,219.143,78.436,4110253,234,172.857,71.309,2319313,315,275.571,40.238,1144878,413,339.714,19.863,1179008,834,652.143,20.455
2023-04-08,,,,,,,,,,,,,,,,,1179289,281,651.286,20.46
2023-04-09,,,,,,,,,,,,,,,,,1179341,52,635.571,20.461
2023-04-10,4521497,,224.857,78.444,4110587,,174.857,71.315,2319803,,265.429,40.247,1145544,,330.571,19.874,1180123,782,629.429,20.474
2023-04-11,4521761,264,217.429,78.449,4110796,209,171.714,71.319,2320075,272,248.429,40.251,1145917,373,319,19.881,1180873,750,626.571,20.487
2023-04-12,4522017,256,219,78.453,4110996,200,171.143,71.322,2320353,278,238.286,40.256,1146259,342,314.857,19.887,1181654,781,613.429,20.501
2023-04-13,4522290,273,220.429,78.458,4111212,216,170.429,71.326,2320645,292,235.286,40.261,1146630,371,309.286,19.893,1182427,773,607.571,20.514
2023-04-14,4522535,245,216.571,78.462,4111409,197,165.143,71.329,2320918,273,229.286,40.266,1146999,369,303,19.899,1183236,809,604,20.528
2023-04-15,,,,,,,,,,,,,,,,,1183505,269,602.286,20.533
2023-04-16,,,,,,,,,,,,,,,,,1183625,120,612,20.535
2023-04-17,4523008,,215.857,78.47,4111757,,167.143,71.335,2321467,,237.714,40.275,1147706,,308.857,19.912,1184356,731,604.714,20.548
2023-04-18,4523264,256,214.714,78.475,4112005,248,172.714,71.34,2321832,365,251,40.282,1148093,387,310.857,19.918,1185040,684,595.286,20.559
2023-04-19,4523547,283,218.571,78.48,4112234,229,176.857,71.344,2322171,339,259.714,40.288,1148451,358,313.143,19.925,1185832,792,596.857,20.573
2023-04-20,4523723,176,204.714,78.483,4112377,143,166.429,71.346,2322413,242,252.571,40.292,1148755,304,303.571,19.93,1186993,1161,652.286,20.593
2023-04-21,4523882,159,192.429,78.485,4112510,133,157.286,71.348,2322658,245,248.571,40.296,1149082,327,297.571,19.936,1188578,1585,763.143,20.621
2023-04-22,,,,,,,,,,,,,,,,,1189318,740,830.429,20.634
2023-04-23,,,,,,,,,,,,,,,,,1189765,447,877.143,20.641
2023-04-24,4524277,,181.286,78.492,4112731,,139.143,71.352,2323144,,239.571,40.305,1149695,,284.143,19.946,1191449,1684,1013.286,20.671
2023-04-25,4524500,223,176.571,78.496,4112896,165,127.286,71.355,2323407,263,225,40.309,1150065,370,281.714,19.953,1193036,1587,1142.286,20.698
2023-04-26,4524682,182,162.143,78.499,4113038,142,114.857,71.358,2323670,263,214.143,40.314,1150408,343,279.571,19.959,1194613,1577,1254.429,20.726
2023-04-27,4524887,205,166.286,78.503,4113175,137,114,71.36,2323938,268,217.857,40.318,1150757,349,286,19.965,1196251,1638,1322.571,20.754
2023-04-28,4525088,201,172.286,78.506,4113343,168,119,71.363,2324150,212,213.143,40.322,1151051,294,281.286,19.97,1198130,1879,1364.571,20.787
2023-04-29,,,,,,,,,,,,,,,,,1198812,682,1356.286,20.798
2023-04-30,,,,,,,,,,,,,,,,,1199172,360,1343.857,20.805
2023-05-01,4525593,,188,78.515,4113642,,130.143,71.368,2324682,,219.714,40.331,1151689,,284.857,19.981,1200750,1578,1328.714,20.832
2023-05-02,4525770,177,181.429,78.518,4113787,145,127.286,71.371,2324931,249,217.714,40.336,1152016,327,278.714,19.986,1202491,1741,1350.714,20.862
2023-05-03,4525987,217,186.429,78.522,4113948,161,130,71.373,2325170,239,214.286,40.34,1152353,337,277.857,19.992,1204447,1956,1404.857,20.896
2023-05-04,4526204,217,188.143,78.526,4114106,158,133,71.376,2325397,227,208.429,40.344,1152648,295,270.143,19.997,1205886,1439,1376.429,20.921
2023-05-05,4526472,268,197.714,78.53,4114285,179,134.571,71.379,2325661,264,215.857,40.348,1153028,380,282.429,20.004,,,,